2452047.3900,12.7,0,,,Vis.,RMQ,,,,,,,,V,,,,V1548 AQL,,STD,,,,
2452047.7069,13.0,0,,,Vis.,KRB,Y,121,128,HUBBLE,,,,V,,,,V1548 AQL,,STD,,,,
2452048.42,13.1,0,,,Vis.,VET,,,,,,,,V,,,,V1548 AQL,AFOEV,STD,,,,
2452048.461,13.6,0,,,Vis.,BMU,,,,,,,,V,,,,V1548 AQL,KNVWS,STD,,,,
2452048.560,13.7,0,,,Vis.,CMG,,,,,,,,V,,,,V1548 AQL,KNVWS,STD,,,,
2452048.585,13.0,0,,,Vis.,MGH,K,,,,,,,V,,,,V1548 AQL,,STD,,,,
2452048.6763,12.94,0,,,V,WJD,,873,,H,,,,V,,,,V1548 AQL,,STD,,,,
2452048.7007,13.5,0,,,Vis.,KRB,Y,133,,PD2001,,,,V,,,,V1548 AQL,,STD,,,,
2452048.7132,12.4,1,,,Vis.,AAX,,,,,,,,V,,,,V1548 AQL,,STD,,,,
2452048.7708,13.7,0,,,Vis.,SXN,Y,,,,,,,V,,,,V1548 AQL,,STD,,,,
2452049.3708,13.2,0,,,Vis.,RMQ,,134,125,USNO-V,,,,V,,,,V1548 AQL,,STD,,,,
2452049.3958,13.0,0,,,Vis.,HSB,,124,,P2001D,,,,V,,,,V1548 AQL,,STD,,,,
2452049.4,14.0,0,,,Vis.,KIS,,,,,,,,V,,,,V1548 AQL,AFOEV,STD,,,,
2452049.41,14.0,0,,,Vis.,VET,,,,,,,,V,,,,V1548 AQL,AFOEV,STD,,,,
2452049.4479,13.3,1,,,Vis.,KWO,,,,,,,,V,,,,V1548 AQL,AFOEV,STD,,,,
2452049.450,13.6,0,,,V,SLQ,,,,,,,,V,,,,V1548 AQL,AFOEV,STD,,,,
2452049.4513,13.31,0,,,V,FGI,,1033,,1902+11,,,,V,,,,V1548 AQL,,STD,,,,
2452049.452,13.6,0,,,V,SLQ,,,,,,,,V,,,,V1548 AQL,AFOEV,STD,,,,
2452049.458,13.7,0,,,Vis.,BMU,,,,,,,,V,,,,V1548 AQL,KNVWS,STD,,,,
2452049.4743,13.32,0,,,V,FGI,,1033,,1902+11,,,,V,,,,V1548 AQL,,STD,,,,
2452049.4875,13.3,0,,,Vis.,RMQ,,134,,USNO-V,,,,V,,,,V1548 AQL,,STD,,,,
2452049.493,13.3,1,,,Vis.,CPT,,133,,PD2001,,,,V,,,,V1548 AQL,,STD,,,,
2452049.5,13.2,0,,,Vis.,KOC,,,,,,,,V,,,,V1548 AQL,MCSE,STD,,,,
2452049.5,12.9,0,,,Vis.,KVI,,,,,,,,V,,,,V1548 AQL,MCSE,STD,,,,
2452049.5,13.3,0,,,Vis.,SOZ,,,,,,,,V,,,,V1548 AQL,MCSE,STD,,,,
2452049.5,13.3,0,,,Vis.,TOZ,,,,,,,,V,,,,V1548 AQL,MCSE,STD,,,,
2452049.506,13.6,0,,,Vis.,PYG,,,,,Used CONVERTV at HQ,,,V,,,,V1548 AQL,,STD,,,,
2452049.5131,13.5,0,,,Vis.,BMM,K,135,,PD0501,,,,V,,,,V1548 AQL,,STD,,,,
2452049.5278,13.8,0,,,Vis.,HHU,,13.3,,PD2001,,,,V,,,,V1548 AQL,,STD,,,,
2452049.531,13.1,0,,,Vis.,BIE,,,,,,,,V,,,,V1548 AQL,,STD,,,,
2452049.5368,13.3,0,,,Vis.,RMQ,,134,,USNO-V,,,,V,,,,V1548 AQL,,STD,,,,
2452049.5847,13.2,0,,,V,FMQ,S,97,103,PD2001,,,,V,,,,V1548 AQL,,STD,,,,
2452049.599,13.7,0,,,Vis.,PYG,,,,,MAY20.099,,,V,,,,V1548 AQL,,STD,,,,
2452049.7118,12.4,1,,,Vis.,KMA,,117,124,PD5/01,,,,V,,,,V1548 AQL,,STD,,,,
2452049.7618,13.8,0,,,Vis.,SXN,,133,,PD01,,,,V,,,,V1548 AQL,,STD,,,,
2452049.7777,13.3,1,,,Vis.,WSV,,133,,PD2001,,,,V,,,,V1548 AQL,,STD,,,,
2452049.7813,13.6,0,,,Vis.,MRV,,131,137,PF5/01,520010645,,,V,,,,V1548 AQL,,STD,,,,
2452049.8138,13.7,0,,,Vis.,DPL,,142,133,"P,D 01",,,,V,,,,V1548 AQL,,STD,,,,
2452049.8201,12.10,0,,,R,OCN,,103,,PD05/01,,,,V,,,,V1548 AQL,,STD,,,,
2452049.8229,14.0,0,,,Vis.,VPJ,SY,133,,PD01,,,,V,,,,V1548 AQL,,STD,,,,
2452049.8250,13.59,0,,,V,OCN,,103,,PD05/01,,,,V,,,,V1548 AQL,,STD,,,,
2452049.9326,14.1,0,,,Vis.,LMK,,133,,PD2001,,,,V,,,,V1548 AQL,,STD,,,,
2452050.4,14.0,0,,,Vis.,KIS,,,,,,,,V,,,,V1548 AQL,AFOEV,STD,,,,
2452050.42,14.2,0,,,Vis.,VET,,,,,,,,V,,,,V1548 AQL,AFOEV,STD,,,,
2452050.4326,13.9,0,,,Vis.,RMQ,,134,142,USNO-V,,,,V,,,,V1548 AQL,,STD,,,,
2452050.4597,13.7,0,,,Vis.,MUY,,,,PF0501,,,,V,,,,V1548 AQL,,STD,,,,
2452050.470,13.7,0,,,Vis.,BMU,,,,,,,,V,,,,V1548 AQL,KNVWS,STD,,,,
2452050.474,13.0,0,,,Vis.,VDE,,,,,,,,V,,,,V1548 AQL,KNVWS,STD,,,,
2452050.4806,13.7,0,,,Vis.,DPV,,133,,PD0501,=,,,V,,,,V1548 AQL,,STD,,,,
2452050.5,13.1,0,,,Vis.,SOZ,,,,,,,,V,,,,V1548 AQL,MCSE,STD,,,,
2452050.5,13.0,1,,,Vis.,VFK,,128,,PD2001,,,,V,,,,V1548 AQL,AFOEV,STD,,,,
2452050.500,13.6,0,,,Vis.,CMG,,,,,,,,V,,,,V1548 AQL,KNVWS,STD,,,,
2452050.5395,13.6,0,,,Vis.,BMM,K,135,140,PD0501,,,,V,,,,V1548 AQL,,STD,,,,
2452050.543,13.0,0,,,Vis.,MGH,K,,,TA,,,,V,,,,V1548 AQL,,STD,,,,
2452050.6125,13.6,0,,,V,PAH,U,124,103,PD01,,,,V,,,,V1548 AQL,,STD,,,,
2452050.7771,13.8,0,,,Vis.,HUZ,S,128,133,PD0501,,,,V,,,,V1548 AQL,,STD,,,,
2452050.8534,13.8,0,,,Vis.,AAP,,128,133,PD5/01,,,,V,,,,V1548 AQL,,STD,,,,
2452051.46,13.7,0,,,Vis.,KTZ,,133,,PD2001,,,,V,,,,V1548 AQL,,STD,,,,
2452051.5,13.3,0,,,Vis.,TOZ,,,,,,,,V,,,,V1548 AQL,MCSE,STD,,,,
2452051.529,13.5,0,,,Vis.,PYG,,,,,,,,V,,,,V1548 AQL,,STD,,,,
2452051.7806,13.7,0,,,Vis.,MRV,,131,137,PF5/01,522010644,,,V,,,,V1548 AQL,,STD,,,,
2452052.4,13.2,1,,,Vis.,VFK,,128,,PD2001,,,,V,,,,V1548 AQL,AFOEV,STD,,,,
2452052.442,13.5,0,,,Vis.,BMU,,,,,,,,V,,,,V1548 AQL,KNVWS,STD,,,,
2452052.456,13.4,0,,,Vis.,GGX,,,,,,,,V,,,,V1548 AQL,AFOEV,STD,,,,
2452052.458,13.7,0,,,Vis.,CMG,,,,,,,,V,,,,V1548 AQL,KNVWS,STD,,,,
2452052.4667,13.6,0,,,Vis.,MUY,,,,PF0501,,,,V,,,,V1548 AQL,,STD,,,,
2452052.4681,13.8,0,,,Vis.,DPV,,133,,PD0501,=,,,V,,,,V1548 AQL,,STD,,,,
2452052.4931,13.7,0,,,Vis.,RMQ,,134,145,USNO-V,,,,V,,,,V1548 AQL,,STD,,,,
2452052.5,14.0,0,,,Vis.,KIS,,,,,,,,V,,,,V1548 AQL,AFOEV,STD,,,,
2452052.5,13.5,0,,,Vis.,KZX,,,,,,,,V,,,,V1548 AQL,MCSE,STD,,,,
2452052.5,13.6,0,,,Vis.,SOZ,,,,,,,,V,,,,V1548 AQL,MCSE,STD,,,,
2452052.5055,13.6,0,,,Vis.,BMM,K,135,140,PD0501,,,,V,,,,V1548 AQL,,STD,,,,
2452052.529,13.8,0,,,Vis.,PYG,,,,,,,,V,,,,V1548 AQL,,STD,,,,
2452052.538,13.1,0,,,Vis.,MGH,K,,,,,,,V,,,,V1548 AQL,,STD,,,,
2452052.5611,13.8,0,,,Vis.,HHU,,13.0-14.0,,PD0501,,,,V,,,,V1548 AQL,,STD,,,,
2452052.7889,13.7,0,,,Vis.,MRV,,131,137,PF5/01,523010656,,,V,,,,V1548 AQL,,STD,,,,
2452053.4549,13.8,0,,,Vis.,KWO,,,,,,,,V,,,,V1548 AQL,AFOEV,STD,,,,
2452053.4653,13.9,0,,,Vis.,DPV,,138,142,POSS-R,=,,,V,,,,V1548 AQL,,STD,,,,
2452053.47,13.8,0,,,Vis.,KTZ,,133,,PD2001,,,,V,,,,V1548 AQL,,STD,,,,
2452053.4979,13.7,0,,,Vis.,RMQ,,134,145,USNO-V,,,,V,,,,V1548 AQL,,STD,,,,
2452053.5,13.3,0,,,Vis.,KVI,,,,,,,,V,,,,V1548 AQL,MCSE,STD,,,,
2452053.5,13.6,0,,,Vis.,TOZ,,,,,,,,V,,,,V1548 AQL,MCSE,STD,,,,
2452053.504,13.6,0,,,Vis.,PYG,,,,,,,,V,,,,V1548 AQL,,STD,,,,
2452053.54,13.3,0,,,Vis.,MGH,K,,,,,,,V,,,,V1548 AQL,,STD,,,,
2452053.5583,13.9,0,,,Vis.,DPA,,13.3,,PD0105,,,,V,,,,V1548 AQL,,STD,,,,
2452053.6850,13.42,0,,,V,WJD,,873,,H,,,,V,,,,V1548 AQL,,STD,,,,
2452053.8028,13.7,0,,,Vis.,MRV,,131,137,PF5/01,524010716,,,V,,,,V1548 AQL,,STD,,,,
2452054.4,14.0,0,,,Vis.,KIS,,,,,,,,V,,,,V1548 AQL,AFOEV,STD,,,,
2452054.459,13.6,0,,,Vis.,BMU,,,,,,,,V,,,,V1548 AQL,KNVWS,STD,,,,
2452054.479,13.2,0,,,Vis.,MGH,K,,,,,,,V,,,,V1548 AQL,,STD,,,,
2452054.4792,13.8,0,,,Vis.,RMQ,,134,145,USNO-V,,,,V,,,,V1548 AQL,,STD,,,,
2452054.4931,13.8,0,,,Vis.,DPV,K,138,142,POSS-R,=,,,V,,,,V1548 AQL,,STD,,,,
2452054.5,13.3,0,,,Vis.,KOC,,,,,,,,V,,,,V1548 AQL,MCSE,STD,,,,
2452054.5,13.5,0,,,Vis.,TOZ,,,,,,,,V,,,,V1548 AQL,MCSE,STD,,,,
2452054.5187,13.9,0,,,Vis.,BMM,,137,142,PD0501,,,,V,,,,V1548 AQL,,STD,,,,
2452054.531,13.8,0,,,Vis.,CMG,,,,,,,,V,,,,V1548 AQL,KNVWS,STD,,,,
2452055.4,14.0,0,,,Vis.,KIS,,,,,,,,V,,,,V1548 AQL,AFOEV,STD,,,,
2452055.42,13.6,0,,,Vis.,VET,,,,,,,,V,,,,V1548 AQL,AFOEV,STD,,,,
2452055.447,13.8,0,,,Vis.,BMU,,,,,,,,V,,,,V1548 AQL,KNVWS,STD,,,,
2452055.450,13.8,0,,,Vis.,VDE,,,,,,,,V,,,,V1548 AQL,KNVWS,STD,,,,
2452055.49,13.8,0,,,Vis.,KTZ,,133,,PD2001,,,,V,,,,V1548 AQL,,STD,,,,
2452055.4965,13.8,0,,,Vis.,DPV,K,,,,,,,V,,,,V1548 AQL,,STD,,,,
2452055.5,13.8,0,,,Vis.,CMG,,,,,,,,V,,,,V1548 AQL,KNVWS,STD,,,,
2452055.609,13.6,0,,,V,PAH,,154,141,SF01,,,,V,,,,V1548 AQL,,STD,,,,
2452055.6131,11.6,0,,,I,PAH,,131,,SF01,,,,V,,,,V1548 AQL,,STD,,,,
2452055.6166,14.7,0,,,B,PAH,,131,,SF01,,,,V,,,,V1548 AQL,,STD,,,,
2452055.6194,12.4,0,,,R,PAH,,131,,SF01,,,,V,,,,V1548 AQL,,STD,,,,
2452055.7222,13.9,0,,,Vis.,MRV,,137,142,PF5/01,526010520,,,V,,,,V1548 AQL,,STD,,,,
2452056.3688,13.9,0,,,Vis.,PEX,,,,,,,,V,,,,V1548 AQL,,STD,,,,
2452056.3688,13.9,0,,,Vis.,PEX,,NA,,NA,RASNZ ARCHIVAL CODE = PM,,,Z,,,,V1548 AQL,AAVSO,STD,,,,RASNZ
2452056.5,13.6,0,,,Vis.,KZX,,,,,,,,V,,,,V1548 AQL,MCSE,STD,,,,
2452056.5,13.8,0,,,Vis.,TOZ,,,,,,,,V,,,,V1548 AQL,MCSE,STD,,,,
2452056.5313,14.1,0,,,Vis.,RMU,,138,142,PF2001,527010045,,,V,,,,V1548 AQL,,STD,,,,
2452057.42,13.9,0,,,Vis.,VET,,,,,,,,V,,,,V1548 AQL,AFOEV,STD,,,,
2452057.429,14.2,0,,,Vis.,GGX,,,,,,,,V,,,,V1548 AQL,AFOEV,STD,,,,
2452057.4563,13.8,0,,,Vis.,MUY,,,,PF0501,,,,V,,,,V1548 AQL,,STD,,,,
2452057.597,12.0,0,,,R,LJX,,,,,,,,V,,,,V1548 AQL,AFOEV,STD,,,,
2452057.620,13.5,0,,,V,LJX,,,,,,,,V,,,,V1548 AQL,AFOEV,STD,,,,
2452057.7007,13.8,0,,,Vis.,KRB,KY,137,142,TYCHO 1,,,,V,,,,V1548 AQL,,STD,,,,
2452057.8056,12.4,1,,,Vis.,SGE,,,,PD0501,,,,V,,,,V1548 AQL,,STD,,,,
2452057.8250,13.8,0,,,Vis.,HUZ,,131,142,PD01R1,,,,V,,,,V1548 AQL,,STD,,,,
2452058.22,14.2,0,,,Vis.,BNK,,NA,,NA,RASNZ ARCHIVAL,,,Z,,,,V1548 AQL,,STD,,,,RASNZ
2452058.42,14.2,0,,,Vis.,VET,,,,,,,,V,,,,V1548 AQL,AFOEV,STD,,,,
2452058.435,13.9,0,,,Vis.,GGX,,,,,,,,V,,,,V1548 AQL,AFOEV,STD,,,,
2452058.7451,14.0,0,,,Vis.,DPL,,137,,"P,F 5/25",,,,V,,,,V1548 AQL,,STD,,,,
2452059.40,14.3,0,,,Vis.,VET,,,,,,,,V,,,,V1548 AQL,AFOEV,STD,,,,
2452059.503,13.8,0,,,Vis.,PYG,,,,,,,,V,,,,V1548 AQL,,STD,,,,
2452059.5368,14.1,0,,,Vis.,BMM,,138,142,PD0501,,,,V,,,,V1548 AQL,,STD,,,,
2452059.8090,14.0,0,,,Vis.,KMA,,142,144,PF5/25/0,,,,V,,,,V1548 AQL,,STD,,,,
2452060.4563,14.1,0,,,Vis.,MUY,,,,PF0501,,,,V,,,,V1548 AQL,,STD,,,,
2452060.4736,13.9,0,,,Vis.,JCN,,137,142,5/23/01,,,,V,,,,V1548 AQL,,STD,,,,
2452060.478,13.9,0,,,Vis.,MGH,K,,,TA,,,,V,,,,V1548 AQL,,STD,,,,
2452060.5,13.9,0,,,Vis.,KVI,,,,,,,,V,,,,V1548 AQL,MCSE,STD,,,,
2452060.5028,14.2,0,,,Vis.,RMQ,,,,,,,,V,,,,V1548 AQL,,STD,,,,
2452060.5291,14.0,0,,,Vis.,BMM,,138,142,PD0501,,,,V,,,,V1548 AQL,,STD,,,,
2452061.4694,13.9,0,,,Vis.,JCN,,,,5/23/2001,"""R457, 2""",,,Z,,,,V1548 AQL,,STD,,,,BAAVSS
2452061.6097,13.7,0,,,V,PAH,,103,142,PF2001,,,,V,,,,V1548 AQL,,STD,,,,
2452061.7329,11.13,0,,,I,WJD,,833,,H,,,,V,,,,V1548 AQL,,STD,,,,
2452063.65,11.2,0,,,I,WJD,U,833,,H,,,,V,,,,V1548 AQL,,STD,,,,
2452064.435,12.0,0,,,R,LJX,,,,,,,,V,,,,V1548 AQL,AFOEV,STD,,,,
2452064.444,13.1,0,,,V,LJX,,,,,,,,V,,,,V1548 AQL,AFOEV,STD,,,,
2452064.4618,14.2,0,,,Vis.,RMQ,,134,145,USNO-V,,,,V,,,,V1548 AQL,,STD,,,,
2452065.42,14.2,0,,,Vis.,VET,,,,,,,,V,,,,V1548 AQL,AFOEV,STD,,,,
2452065.473,13.9,0,,,Vis.,PYG,,,,,,,,V,,,,V1548 AQL,,STD,,,,
2452065.599,11.8,0,,,R,LJX,,,,,,,,V,,,,V1548 AQL,AFOEV,STD,,,,
2452065.605,13.1,0,,,V,LJX,,,,,,,,V,,,,V1548 AQL,AFOEV,STD,,,,
2452065.8076,13.5,0,,,Vis.,MRV,,131,137,PF5/01,605010723,,,V,,,,V1548 AQL,,STD,,,,
2452067.6006,13.5,0,,,V,PAH,,142,144,PF00,,,,V,,,,V1548 AQL,,STD,,,,
2452067.8299,13.7,0,,,Vis.,SXN,Y,,,,,,,V,,,,V1548 AQL,,STD,,,,
2452068.3868,13.9,0,,,Vis.,RMQ,,,,,,,,V,,,,V1548 AQL,,STD,,,,
2452068.558,13.6,0,,,Vis.,PYG,,,,,,,,V,,,,V1548 AQL,,STD,,,,
2452068.7076,13.5,0,,,Vis.,KRB,,128,133,PD2001,,,,V,,,,V1548 AQL,,STD,,,,
2452068.7951,13.6,0,,,Vis.,SXN,Y,,,,,,,V,,,,V1548 AQL,,STD,,,,
2452068.8167,13.34,0,,,V,OCN,,125,,PF05/01,,,,V,,,,V1548 AQL,,STD,,,,
2452068.8201,11.97,0,,,R,OCN,,125=1209R,,PF05/01,,,,V,,,,V1548 AQL,,STD,,,,
2452069.436,13.3,0,,,Vis.,MGH,KY,,,TA,,,,V,,,,V1548 AQL,,STD,,,,
2452069.4583,13.0,0,,,Vis.,DPA,,12.8  13.1,,PF0501,,,,V,,,,V1548 AQL,,STD,,,,
2452069.47,13.4,0,,,Vis.,HUR,K,,,,,,,V,,,,V1548 AQL,,STD,,,,
2452069.4833,13.5,0,,,Vis.,MUY,,13.1-13.7,,PF0501,,,,V,,,,V1548 AQL,,STD,,,,
2452069.6319,13.2,0,,,V,PAH,,154,142,PF00,,,,V,,,,V1548 AQL,,STD,,,,
2452069.8326,13.5,0,,,Vis.,MRV,,131,137,PF5/01,609010759,,,V,,,,V1548 AQL,,STD,,,,
2452070.4389,13.6,0,,,Vis.,RMQ,,134,,USNO-V,,,,V,,,,V1548 AQL,,STD,,,,
2452070.46,13.5,0,,,Vis.,HUR,KL,,,,,,,V,,,,V1548 AQL,,STD,,,,
2452070.5986,13.5,0,,,V,PAH,,13,142,PF01,,,,V,,,,V1548 AQL,,STD,,,,
2452070.6566,11.12,0,,,I,WJD,,833,,H,,,,V,,,,V1548 AQL,,STD,,,,
2452070.8660,13.5,0,,,Vis.,MRV,,131,137,PF5/01,610010847,,,V,,,,V1548 AQL,,STD,,,,
2452071.41,13.0,0,,,Vis.,VET,,,,,,,,V,,,,V1548 AQL,AFOEV,STD,,,,
2452071.476,13.3,0,,,Vis.,PYG,,,,,,,,V,,,,V1548 AQL,,STD,,,,
2452071.7785,13.4,0,,,Vis.,HUZ,,131,137,PF01R1,,,,V,,,,V1548 AQL,,STD,,,,
2452071.9107,11.2,0,,,I,WJD,,833,,H,,,,V,,,,V1548 AQL,,STD,,,,
2452071.9107,13.16,0,,,V,WJD,,873,,H,,,,V,,,,V1548 AQL,,STD,,,,
2452072.40,13.8,0,,,Vis.,GGX,,,,,,,,V,,,,V1548 AQL,AFOEV,STD,,,,
2452072.4132,13.4,0,,,Vis.,KWO,,131,137,PF0501,,,,V,,,,V1548 AQL,AFOEV,STD,,,,
2452072.42,12.9,0,,,Vis.,VET,,,,,,,,V,,,,V1548 AQL,AFOEV,STD,,,,
2452072.4493,13.2,0,,,Vis.,RMQ,,134,,USNO-V,,,,V,,,,V1548 AQL,,STD,,,,
2452072.4542,13.4,0,,,Vis.,DPA,,12.8  13.7,,PF0501,,,,V,,,,V1548 AQL,,STD,,,,
2452072.7167,13.4,0,,,Vis.,KRB,,128,133,PD2001,,,,V,,,,V1548 AQL,,STD,,,,
2452072.7833,13.5,0,,,Vis.,MRV,,131,137,PF5/01,612010648,,,V,,,,V1548 AQL,,STD,,,,
2452072.8090,13.4,0,,,Vis.,HUZ,,131,137,PF01R1,,,,V,,,,V1548 AQL,,STD,,,,
2452073.4410,13.5,0,,,Vis.,KWO,,131,137,PF0501,,,,V,,,,V1548 AQL,AFOEV,STD,,,,
2452073.4889,13.3,0,,,Vis.,RMQ,,134,,USNO-V,,,,V,,,,V1548 AQL,,STD,,,,
2452073.5,13.8,0,,,Vis.,MRX,K,,,,,,,V,,,,V1548 AQL,AFOEV,STD,,,,
2452073.5,13.2,0,,,Vis.,TOZ,,,,,,,,V,,,,V1548 AQL,MCSE,STD,,,,
2452074.4236,13.5,0,,,Vis.,DPV,K,,,,,,,V,,,,V1548 AQL,,STD,,,,
2452074.48,13.5,0,,,Vis.,KTZ,,131,,PF2001,,,,V,,,,V1548 AQL,,STD,,,,
2452074.5042,13.5,0,,,Vis.,MUY,,13.1-13.7,,PF0501,,,,V,,,,V1548 AQL,,STD,,,,
2452074.514,13.6,0,,,Vis.,MGH,KY,,,TA,,,,V,,,,V1548 AQL,,STD,,,,
2452074.7708,13.3,0,,,Vis.,MRV,,131,137,PF5/01,614010630,,,V,,,,V1548 AQL,,STD,,,,
2452075.4306,13.4,0,,,Vis.,KWO,,131,137,PFO501,,,,V,,,,V1548 AQL,AFOEV,STD,,,,
2452075.9183,10.78,0,,,I,WJD,,833,,H,,,,V,,,,V1548 AQL,,STD,,,,
2452075.9265,12.81,0,,,V,WJD,,873,,H,,,,V,,,,V1548 AQL,,STD,,,,
2452076.4444,13.5,0,,,Vis.,DPV,K,131,137,POSS-R,,,,V,,,,V1548 AQL,,STD,,,,
2452076.4854,13.2,0,,,Vis.,DPA,,13.1  13.7,,PF0501,,,,V,,,,V1548 AQL,,STD,,,,
2452076.50,12.2,0,,,Vis.,GGX,,,,,,,,V,,,,V1548 AQL,AFOEV,STD,,,,
2452076.5215,13.8,0,,,Vis.,HHU,,,,,,,,V,,,,V1548 AQL,,STD,,,,
2452076.6701,13.4,0,,,Vis.,KRB,,128,133,PD2001,,,,V,,,,V1548 AQL,,STD,,,,
2452076.6725,12.81,0,,,V,WJD,,873,,H,,,,V,,,,V1548 AQL,,STD,,,,
2452076.9,13.3,0,,,Vis.,TNX,KW,na,,na,RASNZ ARCHIVAL,0,,Z,,,,V1548 AQL,,STD,,,,RASNZ
2452077.21,12.9,0,,,Vis.,BNK,,NA,,NA,RASNZ ARCHIVAL,,,Z,,,,V1548 AQL,,STD,,,,RASNZ
2452077.5,12.9,0,,,Vis.,SBI,,,,,,,,V,,,,V1548 AQL,MCSE,STD,,,,
2452077.5,13.0,0,,,Vis.,TOZ,,,,,,,,V,,,,V1548 AQL,MCSE,STD,,,,
2452077.8264,13.5,0,,,Vis.,SXN,Y,,,,,,,V,,,,V1548 AQL,,STD,,,,
2452077.8354,13.0,0,,,Vis.,MRV,,128,131,PF5/01,617010803,,,V,,,,V1548 AQL,,STD,,,,
2452078.17,13.1,0,,,Vis.,BNK,,NA,,NA,RASNZ ARCHIVAL,,,Z,,,,V1548 AQL,,STD,,,,RASNZ
2452078.6481,12.72,0,,,V,WJD,,873,,H,,,,V,,,,V1548 AQL,,STD,,,,
2452078.8083,13.03,0,,,V,OCN,,125,,PF05/01,,,,V,,,,V1548 AQL,,STD,,,,
2452078.8097,13.0,0,,,Vis.,MRV,,128,131,PF5/01,618010726,,,V,,,,V1548 AQL,,STD,,,,
2452078.8104,11.63,0,,,R,OCN,,125=1209R,,PF05/01,,,,V,,,,V1548 AQL,,STD,,,,
2452079.43,12.6,0,,,Vis.,GGX,,,,,,,,V,,,,V1548 AQL,AFOEV,STD,,,,
2452079.5000,13.4,0,,,Vis.,MUY,,13.1-13.7,,PF0501,,,,V,,,,V1548 AQL,,STD,,,,
2452079.6482,12.77,0,,,V,WJD,,873,,H,,,,V,,,,V1548 AQL,,STD,,,,
2452079.6509,10.63,0,,,I,WJD,,833,,H,,,,V,,,,V1548 AQL,,STD,,,,
2452080.4,12.5,0,,,Vis.,KIS,K,,,,,,,V,,,,V1548 AQL,AFOEV,STD,,,,
2452080.417,11.2,0,,,R,LJX,,,,,,,,V,,,,V1548 AQL,AFOEV,STD,,,,
2452080.426,12.3,0,,,V,LJX,,,,,,,,V,,,,V1548 AQL,AFOEV,STD,,,,
2452080.43,12.6,0,,,Vis.,GGX,,,,,,,,V,,,,V1548 AQL,AFOEV,STD,,,,
2452080.433,10.2,0,,,I,LJX,,,,,,,,V,,,,V1548 AQL,AFOEV,STD,,,,
2452080.4514,12.7,0,,,Vis.,KWO,,125,131,PF0501,,,,V,,,,V1548 AQL,AFOEV,STD,,,,
2452080.4729,12.9,0,,,Vis.,DPA,,12.8  13.1,,PF0501,,,,V,,,,V1548 AQL,,STD,,,,
2452080.5236,12.7,0,,,Vis.,BMM,,125,128,PD0501,,,,V,,,,V1548 AQL,,STD,,,,
2452080.6006,12.6,0,,,V,PAH,U,142,103,PF2001,,,,V,,,,V1548 AQL,,STD,,,,
2452080.7569,12.9,0,,,Vis.,HUZ,,125,128,PD01R1,,,,V,,,,V1548 AQL,,STD,,,,
2452081.18,12.6,0,,,Vis.,BNK,,NA,,NA,RASNZ ARCHIVAL,,,Z,,,,V1548 AQL,,STD,,,,RASNZ
2452081.4194,12.8,0,,,Vis.,DPA,,12.8  13.1,,PF0501,,,,V,,,,V1548 AQL,,STD,,,,
2452081.42,12.1,0,,,Vis.,GGX,,,,,,,,V,,,,V1548 AQL,AFOEV,STD,,,,
2452081.4410,12.8,0,,,Vis.,KWO,,125,128,PF0501,,,,V,,,,V1548 AQL,AFOEV,STD,,,,
2452081.4799,12.6,0,,,Vis.,RMQ,,125,134,USNO-V,,,,V,,,,V1548 AQL,,STD,,,,
2452082.41,12.2,0,,,Vis.,GGX,,,,,,,,V,,,,V1548 AQL,AFOEV,STD,,,,
2452082.4931,12.9,0,,,Vis.,DPA,,12.8  13.1,,PF0501,,,,V,,,,V1548 AQL,,STD,,,,
2452082.6514,13.2,0,,,Vis.,KRB,Y,128,133,PD2001,,,,V,,,,V1548 AQL,,STD,,,,
2452082.6585,12.62,0,,,V,WJD,,873,,H,,,,V,,,,V1548 AQL,,STD,,,,
2452082.6619,10.48,0,,,I,WJD,,833,,H,,,,V,,,,V1548 AQL,,STD,,,,
2452083.19,13.1,0,,,Vis.,BNK,,NA,,NA,RASNZ ARCHIVAL,,,Z,,,,V1548 AQL,,STD,,,,RASNZ
2452083.4514,13.3,0,,,Vis.,KWO,,128,131,PF0501,,,,V,,,,V1548 AQL,AFOEV,STD,,,,
2452083.5,13.8,0,,,Vis.,MRX,K,,,,,,,V,,,,V1548 AQL,AFOEV,STD,,,,
2452083.5,13.3,0,,,Vis.,TOZ,,,,,,,,V,,,,V1548 AQL,MCSE,STD,,,,
2452083.613,11.8,0,,,R,LJX,,,,,,,,V,,,,V1548 AQL,AFOEV,STD,,,,
2452083.619,13.1,0,,,V,LJX,,,,,,,,V,,,,V1548 AQL,AFOEV,STD,,,,
2452083.627,10.8,0,,,I,LJX,,,,,,,,V,,,,V1548 AQL,AFOEV,STD,,,,
2452083.6562,13.2,0,,,V,WJD,,873,,H,,,,V,,,,V1548 AQL,,STD,,,,
2452083.9,13.6,0,,,Vis.,TNX,KW,na,,na,RASNZ ARCHIVAL,0,,Z,,,,V1548 AQL,,STD,,,,RASNZ
2452084.41,13.5,0,,,Vis.,GGX,,,,,,,,V,,,,V1548 AQL,AFOEV,STD,,,,
2452084.42,13.0,0,,,Vis.,VET,,,,,,,,V,,,,V1548 AQL,AFOEV,STD,,,,
2452084.4271,13.6,0,,,Vis.,KWO,,131,137,PF0501,,,,V,,,,V1548 AQL,AFOEV,STD,,,,
2452084.4924,13.4,0,,,Vis.,MUY,,13.1-13.7,,PF0501,,,,V,,,,V1548 AQL,,STD,,,,
2452084.5069,13.7,0,,,Vis.,HHU,,13.5,,PD0700,,,,V,,,,V1548 AQL,,STD,,,,
2452084.6445,13.07,0,,,V,WJD,,873,,H,,,,V,,,,V1548 AQL,,STD,,,,
2452084.6458,13.6,0,,,Vis.,MRV,,131,137,PF5/01,624010330,,,V,,,,V1548 AQL,,STD,,,,
2452084.6508,10.92,0,,,I,WJD,,833,,H,,,,V,,,,V1548 AQL,,STD,,,,
2452084.7049,13.6,0,,,Vis.,KRB,KY,133,137,TYCHO 1,,,,V,,,,V1548 AQL,,STD,,,,
2452084.7299,13.6,0,,,Vis.,MRV,,131,137,PF5/01,624010531,,,V,,,,V1548 AQL,,STD,,,,
2452084.8104,13.4,0,,,Vis.,SXN,,,,,,,,V,,,,V1548 AQL,,STD,,,,
2452084.9757,12.1,1,,,Vis.,JA,W,,,,,,,V,,,,V1548 AQL,,STD,,,,
2452085.4,14.2,0,,,Vis.,KIS,K,,,,,,,V,,,,V1548 AQL,AFOEV,STD,,,,
2452085.42,13.7,0,,,Vis.,GGX,,,,,,,,V,,,,V1548 AQL,AFOEV,STD,,,,
2452085.4340,13.7,0,,,Vis.,KWO,,131,137,PF0501,,,,V,,,,V1548 AQL,AFOEV,STD,,,,
2452085.4806,13.5,0,,,Vis.,RMQ,,134,,USNO-V,,,,V,,,,V1548 AQL,,STD,,,,
2452085.5,13.4,0,,,Vis.,TOZ,,,,,,,,V,,,,V1548 AQL,MCSE,STD,,,,
2452085.5000,13.7,0,,,Vis.,MUY,,13.1-13.7,,PF0501,,,,V,,,,V1548 AQL,,STD,,,,
2452085.510,13.9,0,,,Vis.,PYG,,,,,,,,V,,,,V1548 AQL,,STD,,,,
2452085.518,13.6,0,,,Vis.,BMM,,131,137,PD0501,,,,V,,,,V1548 AQL,,STD,,,,
2452085.7660,13.5,0,,,Vis.,SXN,,,,,,,,V,,,,V1548 AQL,,STD,,,,
2452085.8090,13.8,0,,,Vis.,MRV,,137,142,PF5/01,625010725,,,V,,,,V1548 AQL,,STD,,,,
2452086.4798,13.6,0,,,Vis.,BMM,,131,137,PD0501,,,,V,,,,V1548 AQL,,STD,,,,
2452086.4813,13.9,0,,,Vis.,DPA,,13.7  13.8,,PF0501,,,,V,,,,V1548 AQL,,STD,,,,
2452086.5,13.5,0,,,Vis.,SOZ,,,,,,,,V,,,,V1548 AQL,MCSE,STD,,,,
2452086.5,13.4,0,,,Vis.,TOZ,,,,,,,,V,,,,V1548 AQL,MCSE,STD,,,,
2452086.5014,13.7,0,,,Vis.,MUY,,13.1-13.7,,PF0501,,,,V,,,,V1548 AQL,,STD,,,,
2452086.6076,13.4,0,,,Vis.,DPL,,144,,"P,F,5/25",,,,V,,,,V1548 AQL,,STD,,,,
2452086.6395,13.31,0,,,V,WJD,,873,,H,,,,V,,,,V1548 AQL,,STD,,,,
2452086.7167,13.7,0,,,Vis.,KRB,KY,133,137,TYCHO 1,,,,V,,,,V1548 AQL,,STD,,,,
2452087.13,13.8,0,,,Vis.,BNK,,NA,,NA,RASNZ ARCHIVAL,,,Z,,,,V1548 AQL,,STD,,,,RASNZ
2452087.3715,13.6,0,,,Vis.,DPV,BM,131,137,PF052501,,,,V,,,,V1548 AQL,,STD,,,,
2452087.4,13.9,0,,,Vis.,MRX,K,,,,,,,V,,,,V1548 AQL,AFOEV,STD,,,,
2452087.4201,13.5,0,,,Vis.,KWO,,131,137,PF0501,,,,V,,,,V1548 AQL,AFOEV,STD,,,,
2452087.44,13.6,0,,,Vis.,KTZ,,131,,PF2001,,,,V,,,,V1548 AQL,,STD,,,,
2452087.6104,13.5,0,,,Vis.,DPL,,137,,"P,F,5/25",,,,V,,,,V1548 AQL,,STD,,,,
2452087.6315,13.09,0,,,V,WJD,,873,,H,,,,V,,,,V1548 AQL,,STD,,,,
2452087.6351,11.60,0,,,R,WJD,,854,,H,,,,V,,,,V1548 AQL,,STD,,,,
2452087.7125,13.4,0,,,Vis.,SXN,,,,,,,,V,,,,V1548 AQL,,STD,,,,
2452087.7715,11.79,0,,,R,OCN,,125=1209R,,PF05/01,,,,V,,,,V1548 AQL,,STD,,,,
2452087.7757,13.43,0,,,V,OCN,,125,,PF05/01,,,,V,,,,V1548 AQL,,STD,,,,
2452087.7917,13.4,0,,,Vis.,KMA,,131,138,PFR2,,,,V,,,,V1548 AQL,,STD,,,,
2452088.4444,13.5,0,,,Vis.,DPV,,131,137,PF052501,,,,V,,,,V1548 AQL,,STD,,,,
2452088.6346,12.79,0,,,V,WJD,,873,,H,,,,V,,,,V1548 AQL,,STD,,,,
2452088.7660,13.0,0,,,Vis.,SXN,,,,,,,,V,,,,V1548 AQL,,STD,,,,
2452089.15,13.1,0,,,Vis.,BNK,,NA,,NA,RASNZ ARCHIVAL,,,Z,,,,V1548 AQL,,STD,,,,RASNZ
2452089.41,13.3,0,,,Vis.,GGX,,,,,,,,V,,,,V1548 AQL,AFOEV,STD,,,,
2452089.4875,13.3,0,,,Vis.,MUY,,13.1-13.7,,PF0501,,,,V,,,,V1548 AQL,,STD,,,,
2452089.5138,13.3,0,,,Vis.,BMM,,131,138,PD0501,,,,V,,,,V1548 AQL,,STD,,,,
2452089.522,13.3,0,,,Vis.,PYG,,,,,,,,V,,,,V1548 AQL,,STD,,,,
2452089.6198,12.96,0,,,V,WJD,,873,,H,,,,V,,,,V1548 AQL,,STD,,,,
2452089.6244,11.51,0,,,R,WJD,,854,,H,,,,V,,,,V1548 AQL,,STD,,,,
2452089.6910,13.5,0,,,Vis.,MRV,,131,137,PF5/01,629010435,,,V,,,,V1548 AQL,,STD,,,,
2452089.7236,13.3,0,,,Vis.,SXN,,,,,,,,V,,,,V1548 AQL,,STD,,,,
2452089.8160,13.5,0,,,Vis.,HUZ,,131,137,PF01R2,,,,V,,,,V1548 AQL,,STD,,,,
2452090.29,13.8,0,,,Vis.,BNK,,NA,,NA,RASNZ ARCHIVAL,,,Z,,,,V1548 AQL,,STD,,,,RASNZ
2452090.4125,13.4,0,,,Vis.,RMQ,,134,,USNO-V,,,,V,,,,V1548 AQL,,STD,,,,
2452090.543,13.5,0,,,Vis.,PYG,,,,,,,,V,,,,V1548 AQL,,STD,,,,
2452090.7708,13.6,0,,,Vis.,SXN,,,,,,,,V,,,,V1548 AQL,,STD,,,,
2452091.2625,13.5,0,,,Vis.,KSH,,,,,,,,Z,,,,V1548 AQL,,STD,,,,
2452091.476,14.0,0,,,Vis.,PYG,,,,,,,,V,,,,V1548 AQL,,STD,,,,
2452091.6251,13.57,0,,,V,WJD,,873,,H,,,,V,,,,V1548 AQL,,STD,,,,
2452092.534,13.9,0,,,Vis.,PYG,,,,,,,,V,,,,V1548 AQL,,STD,,,,
2452092.7743,14.0,0,,,Vis.,KMA,,138,142,PFR2,,,,V,,,,V1548 AQL,,STD,,,,
2452092.7813,13.8,0,,,Vis.,SXN,,,,,,,,V,,,,V1548 AQL,,STD,,,,
2452093.4,14.0,0,,,Vis.,KIS,K,,,,,,,V,,,,V1548 AQL,AFOEV,STD,,,,
2452093.8347,14.3,0,,,Vis.,MRV,,142,144,PF5/01,703010802,,,V,,,,V1548 AQL,,STD,,,,
2452094.4,14.0,0,,,Vis.,MRX,K,,,,,,,V,,,,V1548 AQL,AFOEV,STD,,,,
2452094.449,14.0,0,,,Vis.,CMG,,,,,,,,V,,,,V1548 AQL,KNVWS,STD,,,,
2452094.4924,13.9,0,,,Vis.,RMQ,,145,134,USNO-V,,,,V,,,,V1548 AQL,,STD,,,,
2452094.6183,11.44,0,,,I,WJD,,833,,H,,,,V,,,,V1548 AQL,,STD,,,,
2452094.6228,13.6,0,,,V,WJD,,873,,H,,,,V,,,,V1548 AQL,,STD,,,,
2452094.7715,13.1,1,,,Vis.,HUZ,M,131,,PF01R2,,,,V,,,,V1548 AQL,,STD,,,,
2452095.4646,14.2,0,,,Vis.,RMQ,,145,134,USNO-V,,,,V,,,,V1548 AQL,,STD,,,,
2452095.493,14.1,0,,,Vis.,PYG,,,,,,,,V,,,,V1548 AQL,,STD,,,,
2452096.4764,14.3,0,,,Vis.,RMQ,,145,,USNO-V,,,,V,,,,V1548 AQL,,STD,,,,
2452096.6139,13.18,0,,,V,WJD,,873,,H,,,,V,,,,V1548 AQL,,STD,,,,
2452096.6275,11.36,0,,,I,WJD,,833,,H,,,,V,,,,V1548 AQL,,STD,,,,
2452098.368,13.3,1,,,Vis.,BXA,,,,,,,,V,,,,V1548 AQL,AFOEV,STD,,,,
2452098.6515,13.45,0,,,V,WJD,,873,,H,,,,V,,,,V1548 AQL,,STD,,,,
2452098.6564,11.32,0,,,I,WJD,,833,,H,,,,V,,,,V1548 AQL,,STD,,,,
2452099.45,13.7,0,,,Vis.,HUR,K,,,,,,,V,,,,V1548 AQL,,STD,,,,
2452100.062,12.73,0,,,V,SXQ,,,,,,,,V,,,,V1548 AQL,AFOEV,STD,,,,
2452100.4076,13.8,0,,,Vis.,KWO,,137,138,PF0501,,,,V,,,,V1548 AQL,AFOEV,STD,,,,
2452100.43,14.3,0,,,Vis.,VET,,,,,,,,V,,,,V1548 AQL,AFOEV,STD,,,,
2452100.477,14.0,0,,,Vis.,CMG,,,,,,,,V,,,,V1548 AQL,KNVWS,STD,,,,
2452100.6105,11.35,0,,,I,WJD,,873,,H,,,,V,,,,V1548 AQL,,STD,,,,
2452100.6140,13.56,0,,,V,WJD,,873,,H,,,,V,,,,V1548 AQL,,STD,,,,
2452100.7396,13.7,0,,,Vis.,MRV,,131,137,PF5/01,710010545,,,V,,,,V1548 AQL,,STD,,,,
2452101.3333,13.4,0,,,Vis.,DPV,M,131,137,PF052501,=,,,V,,,,V1548 AQL,,STD,,,,
2452101.4688,13.5,0,,,Vis.,JCN,,131(2)V(1)1,,5/23/01,,,,V,,,,V1548 AQL,,STD,,,,
2452101.4771,14.3,0,,,Vis.,RMQ,,145,,USNO-V,,,,V,,,,V1548 AQL,,STD,,,,
2452101.6251,12.76,0,,,V,WJD,,1249,,K,,,,V,,,,V1548 AQL,,STD,,,,
2452101.6314,10.89,0,,,I,WJD,,1164,,K,,,,V,,,,V1548 AQL,,STD,,,,
2452101.8292,13.2,0,,,Vis.,HUZ,M,128,131,PD01R2,,,,V,,,,V1548 AQL,,STD,,,,
2452102.44,13.8,0,,,Vis.,HUR,K,,,,,,,V,,,,V1548 AQL,,STD,,,,
2452102.6150,13.45,0,,,V,WJD,,1249,,K,,,,V,,,,V1548 AQL,,STD,,,,
2452102.6195,11.40,0,,,I,WJD,,1164,,K,,,,V,,,,V1548 AQL,,STD,,,,
2452102.7576,14.2,0,,,Vis.,MRV,,137,142,PF5/01,712010611,,,V,,,,V1548 AQL,,STD,,,,
2452102.7799,13.4,0,,,Vis.,SXN,,,,,,,,V,,,,V1548 AQL,,STD,,,,
2452103.42,13.5,0,,,Vis.,VET,,,,,,,,V,,,,V1548 AQL,AFOEV,STD,,,,
2452103.4264,13.3,0,,,Vis.,JCN,,131,137,05/23/01,,,,V,,,,V1548 AQL,,STD,,,,
2452103.4285,13.4,0,,,Vis.,DPV,,131,137,PF052501,=,,,V,,,,V1548 AQL,,STD,,,,
2452103.43,13.5,0,,,Vis.,HUR,K,,,,,,,V,,,,V1548 AQL,,STD,,,,
2452103.4514,13.7,0,,,Vis.,MUY,,13.1-13.8,,PF0501,,,,V,,,,V1548 AQL,,STD,,,,
2452103.487,13.6,0,,,Vis.,MGH,KY,,,TA,,,,V,,,,V1548 AQL,,STD,,,,
2452103.5465,13.8,0,,,Vis.,HHU,,13.0-14.0,,PD0700,,,,V,,,,V1548 AQL,,STD,,,,
2452103.5576,13.3,0,,,V,PAH,,125,144,PF2001,,,,V,,,,V1548 AQL,,STD,,,,
2452103.6889,13.3,0,,,Vis.,KRB,,128,133,PD2001,,,,V,,,,V1548 AQL,,STD,,,,
2452103.7528,13.1,0,,,Vis.,SXN,,,,,,,,V,,,,V1548 AQL,,STD,,,,
2452103.8035,13.6,0,,,Vis.,MRV,,131,137,PF5/01,713010717,,,V,,,,V1548 AQL,,STD,,,,
2452104.4549,13.4,0,,,Vis.,KWO,,131,137,PF0501,,,,V,,,,V1548 AQL,AFOEV,STD,,,,
2452104.472,13.6,0,,,Vis.,PYG,,,,,,,,V,,,,V1548 AQL,,STD,,,,
2452104.495,13.7,0,,,Vis.,CMG,,,,,,,,V,,,,V1548 AQL,KNVWS,STD,,,,
2452104.5097,13.5,0,,,Vis.,RMQ,,134,,USNO-V,,,,V,,,,V1548 AQL,,STD,,,,
2452104.6083,13.5,0,,,Vis.,DPL,,142,137,"P,F,5/25",,,,V,,,,V1548 AQL,,STD,,,,
2452104.6722,13.6,0,,,Vis.,MRV,,131,137,PF5/01,714010408,,,V,,,,V1548 AQL,,STD,,,,
2452104.7799,13.4,0,,,Vis.,SXN,,,,,,,,V,,,,V1548 AQL,,STD,,,,
2452105.1,13.2,0,,,Vis.,BNK,,NA,,NA,RASNZ ARCHIVAL,,,Z,,,,V1548 AQL,,STD,,,,RASNZ
2452105.4368,13.7,0,,,Vis.,MUY,,13.1-13.8,,PF0501,,,,V,,,,V1548 AQL,,STD,,,,
2452105.496,13.7,0,,,Vis.,PYG,,,,,,,,V,,,,V1548 AQL,,STD,,,,
2452105.6500,13.3,0,,,Vis.,KMA,,131,137,PFR2,,,,V,,,,V1548 AQL,,STD,,,,
2452105.7111,13.5,0,,,Vis.,MRV,,131,137,PF5/01,715010504,,,V,,,,V1548 AQL,,STD,,,,
2452105.7868,13.3,0,,,Vis.,SXN,,,,,,,,V,,,,V1548 AQL,,STD,,,,
2452106.4750,13.3,0,,,Vis.,MUY,,13.1-13.8,,PF0501,,,,V,,,,V1548 AQL,,STD,,,,
2452106.5694,13.5,0,,,V,PAH,,149,145,PF2001,,,,V,,,,V1548 AQL,,STD,,,,
2452107.42,13.7,0,,,Vis.,VET,,,,,,,,V,,,,V1548 AQL,AFOEV,STD,,,,
2452107.467,13.7,0,,,Vis.,CMG,,,,,,,,V,,,,V1548 AQL,KNVWS,STD,,,,
2452108.12,14.2,0,,,Vis.,BNK,,NA,,NA,RASNZ ARCHIVAL,,,Z,,,,V1548 AQL,,STD,,,,RASNZ
2452108.4,14.3,0,,,Vis.,KIS,K,,,,,,,V,,,,V1548 AQL,AFOEV,STD,,,,
2452108.8146,13.6,0,,,Vis.,HUZ,,131,137,PD01R2,,,,V,,,,V1548 AQL,,STD,,,,
2452108.8174,11.95,0,,,R,OCN,,125=1209R,,PF05/01,,,,V,,,,V1548 AQL,,STD,,,,
2452108.8208,14.29,0,,,V,OCN,,144,,PF05/01,,,,V,,,,V1548 AQL,,STD,,,,
2452109.3854,13.9,0,,,Vis.,KWO,,137,138,PF0501,,,,V,,,,V1548 AQL,AFOEV,STD,,,,
2452109.41,13.6,0,,,Vis.,VET,,,,,,,,V,,,,V1548 AQL,AFOEV,STD,,,,
2452109.4188,13.9,0,,,Vis.,RMQ,,145,134,USNO-V,,,,V,,,,V1548 AQL,,STD,,,,
2452109.4292,13.9,0,,,Vis.,MUY,,13.8-14.2,,PF0501,,,,V,,,,V1548 AQL,,STD,,,,
2452109.5694,14.1,0,,,V,PAH,,144,154,PF2001,,,,V,,,,V1548 AQL,,STD,,,,
2452110.0,13.6,0,,,Vis.,TNX,K,na,,na,RASNZ ARCHIVAL,0,,Z,,,,V1548 AQL,,STD,,,,RASNZ
2452110.41,13.6,0,,,Vis.,VET,,,,,,,,V,,,,V1548 AQL,AFOEV,STD,,,,
2452110.4986,14.2,0,,,Vis.,RMQ,,145,134,USNO-V,,,,V,,,,V1548 AQL,,STD,,,,
2452110.513,13.7,0,,,Vis.,PYG,,,,,,,,V,,,,V1548 AQL,,STD,,,,
2452110.519,13.6,0,,,Vis.,MGH,K,,,TA,,,,V,,,,V1548 AQL,,STD,,,,
2452110.6048,13.8,0,,,V,PAH,,154,137,PF2001,,,,V,,,,V1548 AQL,,STD,,,,
2452110.8542,13.6,0,,,Vis.,HUZ,,131,137,PD01R2,,,,V,,,,V1548 AQL,,STD,,,,
2452111.398,13.8,0,,,Vis.,CMG,,,,,,,,V,,,,V1548 AQL,KNVWS,STD,,,,
2452111.41,13.7,0,,,Vis.,VET,,,,,,,,V,,,,V1548 AQL,AFOEV,STD,,,,
2452111.6284,13.45,0,,,V,WJD,,1249,,K,,,,V,,,,V1548 AQL,,STD,,,,
2452111.6321,11.41,0,,,I,WJD,,1164,,K,,,,V,,,,V1548 AQL,,STD,,,,
2452112.39,14.0,0,,,Vis.,VET,,,,,,,,V,,,,V1548 AQL,AFOEV,STD,,,,
2452112.4118,14.0,0,,,Vis.,KWO,,137,142,PF0501,,,,V,,,,V1548 AQL,AFOEV,STD,,,,
2452112.4389,14.2,0,,,Vis.,JCN,,142,144,5/23/01,,,,V,,,,V1548 AQL,,STD,,,,
2452112.4667,14.3,0,,,Vis.,RMQ,,145,,USNO-V,,,,V,,,,V1548 AQL,,STD,,,,
2452112.6176,13.53,0,,,V,WJD,,1249,,K,,,,V,,,,V1548 AQL,,STD,,,,
2452113.4,14.1,0,,,Vis.,MRX,,,,,,,,V,,,,V1548 AQL,AFOEV,STD,,,,
2452113.42,14.3,0,,,Vis.,HUR,K,,,,,,,V,,,,V1548 AQL,,STD,,,,
2452113.51,14.2,0,,,Vis.,MGH,K,,,TA,,,,V,,,,V1548 AQL,,STD,,,,
2452113.6209,13.52,0,,,V,WJD,,1249,,K,,,,V,,,,V1548 AQL,,STD,,,,
2452113.6293,11.49,0,,,I,WJD,,1164,,K,,,,V,,,,V1548 AQL,,STD,,,,
2452113.6556,14.3,0,,,Vis.,MRV,,142,144,PF5/01,723010344,,,V,,,,V1548 AQL,,STD,,,,
2452114.42,14.2,0,,,Vis.,VET,,,,,,,,V,,,,V1548 AQL,AFOEV,STD,,,,
2452114.442,14.1,1,,,Vis.,MGH,KY,,,TA,,,,V,,,,V1548 AQL,,STD,,,,
2452114.4438,14.2,0,,,Vis.,KWO,,137,142,PF0501,,,,V,,,,V1548 AQL,AFOEV,STD,,,,
2452114.4549,14.3,0,,,Vis.,JCN,,142,144,5/23/01,,,,V,,,,V1548 AQL,,STD,,,,
2452114.469,14.0,0,,,Vis.,PYG,,,,,,,,V,,,,V1548 AQL,,STD,,,,
2452115.1,14.3,0,,,Vis.,BNK,,NA,,NA,RASNZ ARCHIVAL,,,Z,,,,V1548 AQL,,STD,,,,RASNZ
2452115.40,13.8,0,,,Vis.,VET,,,,,,,,V,,,,V1548 AQL,AFOEV,STD,,,,
2452115.4236,13.9,0,,,Vis.,MUY,,13.8-14.2,,PF0501,,,,V,,,,V1548 AQL,,STD,,,,
2452115.447,14.0,0,,,Vis.,CMG,,,,,,,,V,,,,V1548 AQL,KNVWS,STD,,,,
2452115.4826,13.7,0,,,Vis.,HHU,,13.5,,PD0700,,,,V,,,,V1548 AQL,,STD,,,,
2452115.6116,13.22,0,,,V,WJD,,1249,,K,,,,V,,,,V1548 AQL,,STD,,,,
2452116.15,13.3,0,,,Vis.,BNK,,NA,,NA,RASNZ ARCHIVAL,,,Z,,,,V1548 AQL,,STD,,,,RASNZ
2452116.4,13.9,0,,,Vis.,KIS,K,,,,,,,V,,,,V1548 AQL,AFOEV,STD,,,,
2452116.41,13.4,0,,,Vis.,HUR,K,,,,,,,V,,,,V1548 AQL,,STD,,,,
2452116.4389,13.3,0,,,Vis.,JCN,Y,131,138,5/23/01,,,,V,,,,V1548 AQL,,STD,,,,
2452116.4410,13.1,0,,,Vis.,KWO,,125,131,PF0501,,,,V,,,,V1548 AQL,AFOEV,STD,,,,
2452116.472,13.0,0,,,Vis.,MGH,KY,,,TA,,,,V,,,,V1548 AQL,,STD,,,,
2452116.511,13.3,0,,,Vis.,PYG,,,,,,,,V,,,,V1548 AQL,,STD,,,,
2452116.6569,13.4,0,,,Vis.,KRB,,128,133,PD2001,,,,V,,,,V1548 AQL,,STD,,,,
2452117.37,13.1,0,,,Vis.,VET,,,,,,,,V,,,,V1548 AQL,AFOEV,STD,,,,
2452117.4,13.5,0,,,Vis.,KIS,K,,,,,,,V,,,,V1548 AQL,AFOEV,STD,,,,
2452117.4028,13.4,0,,,Vis.,KWO,,125,131,PF0501,,,,V,,,,V1548 AQL,AFOEV,STD,,,,
2452117.422,13.9,0,,,Vis.,CMG,,,,,,,,V,,,,V1548 AQL,KNVWS,STD,,,,
2452117.481,13.0,0,,,Vis.,MGH,KY,,,TA,,,,V,,,,V1548 AQL,,STD,,,,
2452117.5,12.8,0,,,Vis.,SBI,,,,,,,,V,,,,V1548 AQL,MCSE,STD,,,,
2452117.5,13.2,0,,,Vis.,TOZ,,,,,,,,V,,,,V1548 AQL,MCSE,STD,,,,
2452117.5305,13.3,0,,,Vis.,BMM,,131,137,PD0501,,,,V,,,,V1548 AQL,,STD,,,,
2452117.6889,13.4,0,,,Vis.,MRV,,131,137,PF5/01,727010432,,,V,,,,V1548 AQL,,STD,,,,
2452117.7271,13.2,0,,,Vis.,SXN,Y,137,131,PD01-2,,,,V,,,,V1548 AQL,,STD,,,,
2452117.7417,13.06,0,,,V,OCN,,125,,PF05/01,,,,V,,,,V1548 AQL,,STD,,,,
2452117.7458,11.66,0,,,R,OCN,,125=1209R,,PF05/01,,,,V,,,,V1548 AQL,,STD,,,,
2452117.7681,13.4,0,,,Vis.,HUZ,,131,137,PF01R2,,,,V,,,,V1548 AQL,,STD,,,,
2452118.4028,13.6,0,,,Vis.,KWO,,131,137,PF0501,,,,V,,,,V1548 AQL,AFOEV,STD,,,,
2452118.4688,13.1,0,,,Vis.,JCN,,131+2,,5/23/01,,,,V,,,,V1548 AQL,,STD,,,,
2452118.4798,13.0,0,,,Vis.,BMM,,128,131,PD0501,,,,V,,,,V1548 AQL,,STD,,,,
2452118.6111,13.0,0,,,V,PAH,,103,142,PF2001,,,,V,,,,V1548 AQL,,STD,,,,
2452118.6527,12.74,0,,,V,WJD,,1249,,K,,,,V,,,,V1548 AQL,,STD,,,,
2452118.6785,13.3,0,,,Vis.,MRV,,131,137,PF5/01,728010417,,,V,,,,V1548 AQL,,STD,,,,
2452118.7806,13.5,0,,,Vis.,HK,,,,,,,,V,,,,V1548 AQL,,STD,,,,
2452118.7986,11.59,0,,,R,OCN,,125=1209R,,PF05/01,,,,V,,,,V1548 AQL,,STD,,,,
2452118.8028,12.97,0,,,V,OCN,,125,,PF05/01,,,,V,,,,V1548 AQL,,STD,,,,
2452119.36,13.3,0,,,Vis.,KTZ,M,131,,PF2001,OON:,,,V,,,,V1548 AQL,,STD,,,,
2452119.36,12.9,0,,,Vis.,VET,,,,,,,,V,,,,V1548 AQL,AFOEV,STD,,,,
2452119.4410,13.3,0,,,Vis.,DPV,M,131,137,PF052501,=,,,V,,,,V1548 AQL,,STD,,,,
2452119.5,13.0,0,,,Vis.,KVI,,,,,,,,V,,,,V1548 AQL,MCSE,STD,,,,
2452119.5111,13.4,0,,,Vis.,RMQ,,,,,,,,V,,,,V1548 AQL,,STD,,,,
2452120.395,14.1,0,,,Vis.,CMG,,,,,,,,V,,,,V1548 AQL,KNVWS,STD,,,,
2452120.4313,13.7,0,,,Vis.,MUY,,13.1-13.8,,PF0501,,,,V,,,,V1548 AQL,,STD,,,,
2452120.481,13.7,0,,,Vis.,PYG,,,,,,,,V,,,,V1548 AQL,,STD,,,,
2452120.6189,13.62,0,,,V,WJD,,1249,,K,,,,V,,,,V1548 AQL,,STD,,,,
2452121.36,13.6,0,,,Vis.,VET,,,,,,,,V,,,,V1548 AQL,AFOEV,STD,,,,
2452121.4993,13.8,0,,,Vis.,MUY,,13.1-13.8,,PF0501,,,,V,,,,V1548 AQL,,STD,,,,
2452121.5,13.6,0,,,Vis.,TOZ,,,,,,,,V,,,,V1548 AQL,MCSE,STD,,,,
2452121.509,13.9,0,,,Vis.,PYG,,,,,,,,V,,,,V1548 AQL,,STD,,,,
2452121.7729,13.93,0,,,V,OCN,,144,,PF05/01,,,,V,,,,V1548 AQL,,STD,,,,
2452121.7778,11.91,0,,,R,OCN,,125=1209R,,PF05/01,,,,V,,,,V1548 AQL,,STD,,,,
2452122.38,13.6,0,,,Vis.,VET,,,,,,,,V,,,,V1548 AQL,AFOEV,STD,,,,
2452122.5,13.5,0,,,Vis.,TOZ,,,,,,,,V,,,,V1548 AQL,MCSE,STD,,,,
2452122.6208,13.46,0,,,V,WJD,G, 1249,,,,,,V,,,,V1548 AQL,,STD,,,,
2452122.6542,14.0,0,,,Vis.,MRV,,137,142,PF5/01,801010342,,,V,,,,V1548 AQL,,STD,,,,
2452122.8146,14.1,0,,,V,OCN,,137,144,PF05/01,,,,V,,,,V1548 AQL,,STD,,,,
2452122.8174,12.00,0,,,R,OCN,,125=1209R,,PF05/01,,,,V,,,,V1548 AQL,,STD,,,,
2452123.4528,14.0,0,,,Vis.,MUY,,13.8-14.2,,PF0501,,,,V,,,,V1548 AQL,,STD,,,,
2452123.4833,14.0,0,,,Vis.,RMQ,,,,,,,,V,,,,V1548 AQL,,STD,,,,
2452123.6190,13.63,0,,,V,WJD,G, 1249,,,,,,V,,,,V1548 AQL,,STD,,,,
2452125.6757,13.7,1,,,Vis.,SXN,,137,131,PD01-2,,,,V,,,,V1548 AQL,,STD,,,,
2452126.374,14.1,0,,,Vis.,CMG,,,,,,,,V,,,,V1548 AQL,KNVWS,STD,,,,
2452126.448,14.1,0,,,Vis.,PYG,,,,,,,,V,,,,V1548 AQL,,STD,,,,
2452127.395,14.0,0,,,Vis.,CMG,,,,,,,,V,,,,V1548 AQL,KNVWS,STD,,,,
2452127.4326,14.0,0,,,Vis.,MUY,,13.8-14.2,,PF0501,,,,V,,,,V1548 AQL,,STD,,,,
2452128.6868,13.8,0,,,Vis.,SXN,,137,131,PD01-2,,,,V,,,,V1548 AQL,,STD,,,,
2452129.3611,13.4,0,,,Vis.,KWO,,131,137,PF0501,,,,V,,,,V1548 AQL,AFOEV,STD,,,,
2452129.4,14.2,0,,,Vis.,KIS,K,,,,,,,V,,,,V1548 AQL,AFOEV,STD,,,,
2452129.6254,13.2,0,,,V,WJD,G, 1249,,,,,,V,,,,V1548 AQL,,STD,,,,
2452129.7167,12.06,0,,,R,OCN,,125=1209R,,PF05/01,,,,V,,,,V1548 AQL,,STD,,,,
2452129.7208,13.8,0,,,V,OCN,,137,,PF05/01,,,,V,,,,V1548 AQL,,STD,,,,
2452130.4354,14.1,0,,,Vis.,MUY,,13.8-14.2,,PF0501,,,,V,,,,V1548 AQL,,STD,,,,
2452130.7208,13.7,1,,,Vis.,SXN,,137,131,PD01-2,,,,V,,,,V1548 AQL,,STD,,,,
2452131.3701,13.5,0,,,Vis.,DPV,M,131,137,PF052501,=,,,V,,,,V1548 AQL,,STD,,,,
2452131.4181,13.7,0,,,Vis.,MUY,,13.8,,PF0501,,,,V,,,,V1548 AQL,,STD,,,,
2452131.464,13.5,0,,,Vis.,PYG,,,,,,,,V,,,,V1548 AQL,,STD,,,,
2452131.6833,13.6,0,,,Vis.,KRB,K,131,137,HENDEN,,,,V,,,,V1548 AQL,,STD,,,,
2452132.3715,14.0,0,,,Vis.,KWO,,137,142,PF0501,,,,V,,,,V1548 AQL,AFOEV,STD,,,,
2452132.3792,10.6,1,,,Vis.,HKD,,,,TA010610,"""A,T; 158X21,""",,,Z,,,,V1548 AQL,,STD,,,,BAAVSS
2452132.386,14.0,0,,,Vis.,CMG,,,,,,,,V,,,,V1548 AQL,KNVWS,STD,,,,
2452132.4,14.0,0,,,Vis.,KIS,K,,,,,,,V,,,,V1548 AQL,AFOEV,STD,,,,
2452132.41,14.1,0,,,Vis.,HUR,K,,,,,,,V,,,,V1548 AQL,,STD,,,,
2452132.44,14.2,0,,,Vis.,MGH,K,,,TA,,,,V,,,,V1548 AQL,,STD,,,,
2452132.4556,13.5,0,,,Vis.,JCN,,137+2,,5/23/01,,,,V,,,,V1548 AQL,,STD,,,,
2452132.4784,14.2,0,,,Vis.,BMM,,138,142,PF0501,,,,V,,,,V1548 AQL,,STD,,,,
2452132.6441,11.51,0,,,I,WJD,G, 1164,,,,,,V,,,,V1548 AQL,,STD,,,,
2452132.7361,12.15,0,,,R,OCN,,125=1209R,,PF05/01,,,,V,,,,V1548 AQL,,STD,,,,
2452132.7410,14.30,0,,,V,OCN,,144,,PF05/01,,,,V,,,,V1548 AQL,,STD,,,,
2452132.7424,13.7,1,,,Vis.,SXN,,137,131,PD01-2,,,,V,,,,V1548 AQL,,STD,,,,
2452132.9,14.2,1,,,Vis.,TNX,K,na,,na,RASNZ ARCHIVAL,0,,Z,,,,V1548 AQL,,STD,,,,RASNZ
2452133.4208,13.9,0,,,Vis.,HHU,,13.5,,PD0700,,,,V,,,,V1548 AQL,,STD,,,,
2452133.4264,14.2,0,,,Vis.,MUY,,13.8-14.2,,PF0501,,,,V,,,,V1548 AQL,,STD,,,,
2452133.4306,14.3,0,,,Vis.,RMQ,,,,,,,,V,,,,V1548 AQL,,STD,,,,
2452133.6771,13.7,1,,,Vis.,SXN,,,,,,,,V,,,,V1548 AQL,,STD,,,,
2452134.11,14.6,0,,,Vis.,BNK,,NA,,NA,RASNZ ARCHIVAL,,,Z,,,,V1548 AQL,,STD,,,,RASNZ
2452134.4042,14.3,0,,,Vis.,DPV,,142,144,PF052501,=,,,V,,,,V1548 AQL,,STD,,,,
2452134.5966,11.72,0,,,I,WJD,G, 1164,,,,,,V,,,,V1548 AQL,,STD,,,,
2452135.39,14.2,0,,,Vis.,HUR,K,,,,,,,V,,,,V1548 AQL,,STD,,,,
2452135.3917,14.6,0,,,Vis.,JCN,,144-2,,5/23/01,,,,V,,,,V1548 AQL,,STD,,,,
2452135.422,14.1,0,,,Vis.,PYG,,,,,,,,V,,,,V1548 AQL,,STD,,,,
2452135.7458,14.36,0,,,V,OCN,,144,,PF05/01,,,,V,,,,V1548 AQL,,STD,,,,
2452135.7479,14.2,0,,,Vis.,SXN,,,,,,,,V,,,,V1548 AQL,,STD,,,,
2452135.7486,12.13,0,,,R,OCN,,125=1209R,,PF05/01,,,,V,,,,V1548 AQL,,STD,,,,
2452136.3646,14.2,0,,,Vis.,KWO,,137,142,PF0501,,,,V,,,,V1548 AQL,AFOEV,STD,,,,
2452136.3750,14.3,0,,,Vis.,DPV,,142,144,PF052501,=,,,V,,,,V1548 AQL,,STD,,,,
2452136.376,14.1,0,,,Vis.,CMG,,,,,,,,V,,,,V1548 AQL,KNVWS,STD,,,,
2452136.3764,14.3,0,,,Vis.,JCN,,144+1,,5/23/01,,,,V,,,,V1548 AQL,,STD,,,,
2452136.4,14.1,0,,,Vis.,MRX,,,,,,,,V,,,,V1548 AQL,AFOEV,STD,,,,
2452136.4056,14.3,0,,,Vis.,MUY,,13.8-14.2,,PF0501,,,,V,,,,V1548 AQL,,STD,,,,
2452136.4424,14.4,0,,,Vis.,RMQ,,,,,,,,V,,,,V1548 AQL,,STD,,,,
2452136.4888,14.3,0,,,Vis.,BMM,,142,145,PF0501,,,,V,,,,V1548 AQL,,STD,,,,
2452136.7340,14.1,0,,,Vis.,HUZ,H,137,142,PD01R2,,,,V,,,,V1548 AQL,,STD,,,,
2452137.3576,14.2,0,,,Vis.,KWO,,137,142,PF0501,,,,V,,,,V1548 AQL,AFOEV,STD,,,,
2452137.3986,14.3,0,,,Vis.,DPV,,142,144,PF052501,=,,,V,,,,V1548 AQL,,STD,,,,
2452137.4410,14.3,0,,,Vis.,RMQ,,,,,,,,V,,,,V1548 AQL,,STD,,,,
2452137.6085,11.69,0,,,I,WJD,G, 1164,,,,,,V,,,,V1548 AQL,,STD,,,,
2452138.3882,14.2,0,,,Vis.,JCN,,V=142,,5/23/01,,,,V,,,,V1548 AQL,,STD,,,,
2452138.4028,14.3,0,,,Vis.,DPV,,142,144,PF052501,=,,,V,,,,V1548 AQL,,STD,,,,
2452138.416,14.1,0,,,Vis.,CMG,,,,,,,,V,,,,V1548 AQL,KNVWS,STD,,,,
2452138.4201,14.2,0,,,Vis.,MUY,,13.8-14.2,,PF0501,,,,V,,,,V1548 AQL,,STD,,,,
2452138.443,14.1,0,,,Vis.,PYG,,,,,,,,V,,,,V1548 AQL,,STD,,,,
2452138.444,14.3,0,,,Vis.,MGH,K,,,TA,,,,V,,,,V1548 AQL,,STD,,,,
2452139.4069,14.2,1,,,Vis.,MUY,,14.2,,PF0501,,,,V,,,,V1548 AQL,,STD,,,,
2452140.4236,14.5,0,,,Vis.,DPV,,144,145,PF052501,=,,,V,,,,V1548 AQL,,STD,,,,
2452140.6306,14.0,1,,,Vis.,MRV,,137,,PF5/01,819010308,,,V,,,,V1548 AQL,,STD,,,,
2452141.3819,14.4,0,,,Vis.,JCN,,V=144,,5/23/01,,,,V,,,,V1548 AQL,,STD,,,,
2452141.3979,10.6,1,,,Vis.,HKD,,,,TA010610,"""158X21,""",,,Z,,,,V1548 AQL,,STD,,,,BAAVSS
2452141.4076,14.2,1,,,Vis.,DPV,,142,,PF052501,      =,,,V,,,,V1548 AQL,,STD,,,,
2452141.6882,14.5,0,,,Vis.,MRV,,144,145,PF5/01,820010431,,,V,,,,V1548 AQL,,STD,,,,
2452141.7646,14.3,0,,,Vis.,HUZ,,138,145,PF01R2,,,,V,,,,V1548 AQL,,STD,,,,
2452142.3701,14.3,0,,,Vis.,RMQ,,,,,,,,V,,,,V1548 AQL,,STD,,,,
2452142.374,14.4,0,,,Vis.,CMG,,,,,,,,V,,,,V1548 AQL,KNVWS,STD,,,,
2452142.379,14.4,0,,,Vis.,PYG,,,,,,,,V,,,,V1548 AQL,,STD,,,,
2452142.38,14.3,0,,,Vis.,HUR,K,,,,,,,V,,,,V1548 AQL,,STD,,,,
2452142.3979,14.3,0,,,Vis.,MUY,,14.2,,PF0501,,,,V,,,,V1548 AQL,,STD,,,,
2452142.425,14.3,0,,,Vis.,MGH,KY,,,TA,,,,V,,,,V1548 AQL,,STD,,,,
2452142.4486,10.3,1,,,Vis.,HKD,,,,TA010610,"""158X21,""",,,Z,,,,V1548 AQL,,STD,,,,BAAVSS
2452142.6653,14.4,0,,,Vis.,KRB,Y,142,145,HENDEN,,,,V,,,,V1548 AQL,,STD,,,,
2452143.3694,14.4,0,,,Vis.,RMQ,,,,,,,,V,,,,V1548 AQL,,STD,,,,
2452143.3806,14.3,0,,,Vis.,MUY,,14.2,,PF0501,,,,V,,,,V1548 AQL,,STD,,,,
2452143.6333,14.2,0,,,Vis.,KMA,,142,145,PFR2,,,,V,,,,V1548 AQL,,STD,,,,
2452144.1,14.6,0,,,Vis.,BNK,,NA,,NA,RASNZ ARCHIVAL,,,Z,,,,V1548 AQL,,STD,,,,RASNZ
2452144.41,14.3,0,,,Vis.,MGH,KY,,,TA,,,,V,,,,V1548 AQL,,STD,,,,
2452144.4354,14.5,0,,,Vis.,RMQ,,,,,,,,V,,,,V1548 AQL,,STD,,,,
2452144.6792,12.34,0,,,R,OCN,,125=1209R,,PF05/01,,,,V,,,,V1548 AQL,,STD,,,,
2452144.6840,14.48,0,,,V,OCN,,144,,PF05/01,,,,V,,,,V1548 AQL,,STD,,,,
2452145.4181,14.5,0,,,Vis.,RMQ,,,,,,,,V,,,,V1548 AQL,,STD,,,,
2452146.3694,14.3,0,,,Vis.,DPV,,142,144,PF052501,=,,,V,,,,V1548 AQL,,STD,,,,
2452146.3701,14.3,0,,,Vis.,JCN,,142,144,5/23/01,,,,V,,,,V1548 AQL,,STD,,,,
2452146.39,14.2,0,,,Vis.,HUR,K,,,,,,,V,,,,V1548 AQL,,STD,,,,
2452146.392,14.3,0,,,Vis.,CMG,,,,,,,,V,,,,V1548 AQL,KNVWS,STD,,,,
2452146.398,14.4,0,,,Vis.,MGH,KY,,,TA,,,,V,,,,V1548 AQL,,STD,,,,
2452146.6002,11.7,0,,,I,WJD,G, 11645,,,,,,V,,,,V1548 AQL,,STD,,,,
2452146.6882,14.3,0,,,Vis.,MRV,,142,144,PF5/01,825010431,,,V,,,,V1548 AQL,,STD,,,,
2452147.3535,14.3,0,,,Vis.,JCN,H,142-1,,5/23/01,,,,V,,,,V1548 AQL,,STD,,,,
2452147.3931,14.4,0,,,Vis.,MUY,,14.2,,PF0501,,,,V,,,,V1548 AQL,,STD,,,,
2452147.4056,14.5,0,,,Vis.,RMQ,,,,,,,,V,,,,V1548 AQL,,STD,,,,
2452148.374,14.1,0,,,Vis.,PYG,,,,,,,,V,,,,V1548 AQL,,STD,,,,
2452148.4083,14.6,0,,,Vis.,RMQ,,,,,,,,V,,,,V1548 AQL,,STD,,,,
2452148.5256,13.8,0,,,V,PAH,,105,144,PF2001,,,,V,,,,V1548 AQL,,STD,,,,
2452148.8299,14.0,0,,,Vis.,HUZ,,138,142,PF01R2,,,,V,,,,V1548 AQL,,STD,,,,
2452149.3715,14.3,0,,,Vis.,JCN,,142,144,5/23/01,,,,V,,,,V1548 AQL,,STD,,,,
2452149.377,14.1,0,,,Vis.,PYG,,,,,,,,V,,,,V1548 AQL,,STD,,,,
2452149.38,13.8,1,,,Vis.,HUR,KM,,,,,,,V,,,,V1548 AQL,,STD,,,,
2452149.4153,14.3,0,,,Vis.,MUY,,14.2,,PF0501,,,,V,,,,V1548 AQL,,STD,,,,
2452149.499,14.2,1,,,Vis.,MGH,K,,,TA,,,,V,,,,V1548 AQL,,STD,,,,
2452149.6087,11.73,0,,,I,WJD,G, 1164,,,,,,V,,,,V1548 AQL,,STD,,,,
2452150.341,14.4,0,,,Vis.,CMG,,,,,,,,V,,,,V1548 AQL,KNVWS,STD,,,,
2452150.3563,11.0,1,,,Vis.,HKD,B,,,TA010610,"""158X21,""",,,Z,,,,V1548 AQL,,STD,,,,BAAVSS
2452150.3701,14.3,0,,,Vis.,JCN,,142,144,5/23/01,,,,V,,,,V1548 AQL,,STD,,,,
2452150.7319,14.2,0,,,V,OCN,,137,144,PF05/01,,,,V,,,,V1548 AQL,,STD,,,,
2452151.3500,14.2,1,,,Vis.,MUY,,14.2,,PF0501,,,,V,,,,V1548 AQL,,STD,,,,
2452151.4681,14.5,0,,,Vis.,RMQ,,145,,,,,,V,,,,V1548 AQL,,STD,,,,
2452151.5583,14.6,0,,,V,PAH,,151,105,PF2001,,,,V,,,,V1548 AQL,,STD,,,,
2452151.5833,11.97,0,,,I,WJD,G, 1164,,,,,,V,,,,V1548 AQL,,STD,,,,
2452151.6069,14.01,0,,,V,WJD,G, 1249,,,,,,V,,,,V1548 AQL,,STD,,,,
2452153.3799,14.5,0,,,Vis.,JCN,,144-1,,5/23/01,,,,V,,,,V1548 AQL,,STD,,,,
2452154.3403,14.4,0,,,Vis.,JCN,,V=144,,5/23/01,,,,V,,,,V1548 AQL,,STD,,,,
2452154.5885,13.28,0,,,V,WJD,K,1249,,K,,,,V,,,,V1548 AQL,,STD,,,,
2452154.6944,13.7,0,,,Vis.,MRV,,137,142,PF2001,902010440,,,V,,,,V1548 AQL,,STD,,,,
2452155.35,14.2,1,,,Vis.,VET,,,,,,,,V,,,,V1548 AQL,AFOEV,STD,,,,
2452155.3757,11.0,1,,,Vis.,HKD,B,,,TA010610,"""158X21,""",,,Z,,,,V1548 AQL,,STD,,,,BAAVSS
2452156.5729,13.4,1,,,Vis.,DPL,,137,,F 5/25/0,,,,V,,,,V1548 AQL,,STD,,,,
2452157.3486,14.3,0,,,Vis.,RMQ,,145,,,,,,V,,,,V1548 AQL,,STD,,,,
2452157.3667,14.2,0,,,Vis.,JCN,,V=142,,5/23/01,,,,V,,,,V1548 AQL,,STD,,,,
2452157.37,14.1,0,,,Vis.,VET,,,,,,,,V,,,,V1548 AQL,AFOEV,STD,,,,
2452157.6431,14.5,0,,,Vis.,MRV,,144,145,PF2001,905010326,,,V,,,,V1548 AQL,,STD,,,,
2452158.33,14.3,0,,,Vis.,VET,,,,,,,,V,,,,V1548 AQL,AFOEV,STD,,,,
2452158.5034,13.8,0,,,V,PAH,,103,145,PF01,,,,V,,,,V1548 AQL,,STD,,,,
2452158.7208,14.0,0,,,V,OCN,,137,144,PF05/01,,,,V,,,,V1548 AQL,,STD,,,,
2452160.37,14.2,0,,,Vis.,VET,,,,,,,,V,,,,V1548 AQL,AFOEV,STD,,,,
2452160.45,10.3,1,,,Vis.,HKD,,,,TA010610,"""158X21,""",,,Z,,,,V1548 AQL,,STD,,,,BAAVSS
2452160.5,14.0,0,,,V,PAH,,149,151,PF01,,,,V,,,,V1548 AQL,,STD,,,,
2452161.3313,14.2,0,,,Vis.,MUY,,13.8-14.2,,PF0501,,,,V,,,,V1548 AQL,,STD,,,,
2452161.3465,14.3,0,,,Vis.,JCN,,142, 144,5/23/01,,,,V,,,,V1548 AQL,,STD,,,,
2452161.3674,14.1,0,,,Vis.,RMQ,,145,134,,,,,V,,,,V1548 AQL,,STD,,,,
2452161.372,14.3,0,,,Vis.,MGH,KY,,,TA,,,,V,,,,V1548 AQL,,STD,,,,
2452161.409,14.0,0,,,Vis.,PYG,,,,,,,,V,,,,V1548 AQL,,STD,,,,
2452161.6438,14.3,0,,,Vis.,MRV,,142,144,PF2001,909010327,,,V,,,,V1548 AQL,,STD,,,,
2452162.38,14.2,0,,,Vis.,VET,,,,,,,,V,,,,V1548 AQL,AFOEV,STD,,,,
2452162.5997,13.6,0,,,V,WJD,,125,,1902+11D,,,,V,,,,V1548 AQL,,STD,,,,
2452163.3292,10.3,1,,,Vis.,HKD,B,,,TA010610,"""158X21,""",,,Z,,,,V1548 AQL,,STD,,,,BAAVSS
2452163.3340,14.2,0,,,Vis.,JCN,,V=142,,5/23/01,,,,V,,,,V1548 AQL,,STD,,,,
2452164.37,13.6,0,,,Vis.,VET,,,,,,,,V,,,,V1548 AQL,AFOEV,STD,,,,
2452165.31,13.3,0,,,Vis.,VET,,,,,,,,V,,,,V1548 AQL,AFOEV,STD,,,,
2452165.439,13.8,0,,,Vis.,PYG,,,,,Used CONVERTV at HQ,,,V,,,,V1548 AQL,,STD,,,,
2452166.327,13.9,0,,,Vis.,CMG,,,,,,,,V,,,,V1548 AQL,KNVWS,STD,,,,
2452166.6688,13.7,1,,,Vis.,KRB,,137,,HENDEN,,,,V,,,,V1548 AQL,,STD,,,,
2452167.32,14.3,0,,,Vis.,VET,,,,,,,,V,,,,V1548 AQL,AFOEV,STD,,,,
2452167.324,14.5,0,,,V,BOA,,,,,,,,V,,,,V1548 AQL,AFOEV,STD,,,,
2452167.34,13.8,1,,,Vis.,HUR,KL,,,,,,,V,,,,V1548 AQL,,STD,,,,
2452167.387,14.2,1,,,Vis.,MGH,K,,,TA,,,,V,,,,V1548 AQL,,STD,,,,
2452168.33,13.8,1,,,Vis.,HUR,KL,,,,,,,V,,,,V1548 AQL,,STD,,,,
2452168.3861,14.1,0,,,Vis.,JCN,,142+1,,5/23/01,,,,V,,,,V1548 AQL,,STD,,,,
2452168.5856,13.8,0,,,V,WJD,,1250,,1902+11D,,,,V,,,,V1548 AQL,,STD,,,,
2452169.31,14.2,0,,,Vis.,VET,,,,,,,,V,,,,V1548 AQL,AFOEV,STD,,,,
2452169.33,13.1,1,,,Vis.,HUR,K,,,,,,,V,,,,V1548 AQL,,STD,,,,
2452169.372,14.3,0,,,Vis.,PYG,,,,,,,,V,,,,V1548 AQL,,STD,,,,
2452170.31,14.3,0,,,Vis.,VET,,,,,,,,V,,,,V1548 AQL,AFOEV,STD,,,,
2452171.4319,14.3,0,,,Vis.,RMQ,,145,,,,,,V,,,,V1548 AQL,,STD,,,,
2452172.3653,14.5,0,,,Vis.,DPV,,144,145,PF052501,=,,,V,,,,V1548 AQL,,STD,,,,
2452172.3958,14.5,0,,,Vis.,RMQ,,145,,,,,,V,,,,V1548 AQL,,STD,,,,
2452172.5886,14.15,0,,,V,WJD,,125,,1902+11D,,,,V,,,,V1548 AQL,,STD,,,,
2452173.03,14.2,1,,,Vis.,BNK,,NA,,NA,RASNZ ARCHIVAL,,,Z,,,,V1548 AQL,,STD,,,,RASNZ
2452173.32,14.7,0,,,Vis.,VET,,,,,,,,V,,,,V1548 AQL,AFOEV,STD,,,,
2452173.6042,14.8,0,,,Vis.,MRV,,145,151,PF2001,921010230,,,V,,,,V1548 AQL,,STD,,,,
2452174.32,14.7,0,,,Vis.,VET,,,,,,,,V,,,,V1548 AQL,AFOEV,STD,,,,
2452174.3292,14.6,0,,,Vis.,JCN,,144-2,,5/23/01,,,,V,,,,V1548 AQL,,STD,,,,
2452174.37,14.7,0,,,V,BOA,,,,,,,,V,,,,V1548 AQL,AFOEV,STD,,,,
2452174.4,14.4,0,,,Vis.,MRX,VW,,,,,,,V,,,,V1548 AQL,AFOEV,STD,,,,
2452175.3667,14.3,0,,,Vis.,JCN,,142,143,5/23/01,,,,V,,,,V1548 AQL,,STD,,,,
2452175.38,14.7,0,,,Vis.,VET,,,,,,,,V,,,,V1548 AQL,AFOEV,STD,,,,
2452176.3618,14.3,0,,,Vis.,JCN,,142,144,5/23/01,,,,V,,,,V1548 AQL,,STD,,,,
2452180.31,14.3,0,,,Vis.,VET,,,,,,,,V,,,,V1548 AQL,AFOEV,STD,,,,
2452182.3160,14.3,0,,,Vis.,JCN,,142-1,,5/23/01,,,,V,,,,V1548 AQL,,STD,,,,
2452182.322,14.3,0,,,Vis.,PYG,,,,,,,,V,,,,V1548 AQL,,STD,,,,
2452183.6153,14.5,0,,,Vis.,MRV,,142,145,PF5/01,,,,V,,,,V1548 AQL,,STD,,,,
2452185.30,14.1,0,,,Vis.,VET,,,,,,,,V,,,,V1548 AQL,AFOEV,STD,,,,
2452186.3264,13.5,0,,,Vis.,JCN,Y,131,138,5/23/01,,,,V,,,,V1548 AQL,,STD,,,,
2452186.6118,13.0,0,,,Vis.,MRV,,128,131,PF5/01,,,,V,,,,V1548 AQL,,STD,,,,
2452188.3007,13.2,0,,,Vis.,RMQ,Y,134,,,,,,V,,,,V1548 AQL,,STD,,,,
2452189.2646,13.5,0,,,Vis.,RMQ,,134,,,,,,V,,,,V1548 AQL,,STD,,,,
2452189.5529,11.47,0,,,I,WJD,,1164,,K,,,,V,,,,V1548 AQL,,STD,,,,
2452190.28,13.3,0,,,Vis.,VET,,,,,,,,V,,,,V1548 AQL,AFOEV,STD,,,,
2452190.5493,13.8,0,,,Vis.,KRB,Y,137,138,HENDEN,,,,V,,,,V1548 AQL,,STD,,,,
2452191.276,13.8,0,,,Vis.,CMG,,,,,,,,V,,,,V1548 AQL,KNVWS,STD,,,,
2452191.29,13.2,0,,,Vis.,VET,,,,,,,,V,,,,V1548 AQL,AFOEV,STD,,,,
2452191.2965,13.4,0,,,Vis.,MUY,,13.1-13.7,,PF0501,,,,V,,,,V1548 AQL,,STD,,,,
2452191.328,13.3,0,,,Vis.,MGH,KY,,,TA,,,,V,,,,V1548 AQL,,STD,,,,
2452191.3653,13.4,0,,,Vis.,JCN,,131-3,,5/23/01,,,,V,,,,V1548 AQL,,STD,,,,
2452192.2944,13.8,0,,,Vis.,MUY,,13.1-13.7,,PF0501,,,,V,,,,V1548 AQL,,STD,,,,
2452192.3160,13.7,0,,,Vis.,JCN,,138+1,,5/23/01,,,,V,,,,V1548 AQL,,STD,,,,
2452192.3313,13.2,0,,,Vis.,RMQ,,126,134,,,,,V,,,,V1548 AQL,,STD,,,,
2452192.366,13.4,0,,,Vis.,MGH,KY,,,TA,,,,V,,,,V1548 AQL,,STD,,,,
2452193.28,13.8,0,,,Vis.,VET,,,,,,,,V,,,,V1548 AQL,AFOEV,STD,,,,
2452194.28,13.4,0,,,Vis.,VET,,,,,,,,V,,,,V1548 AQL,AFOEV,STD,,,,
2452194.2847,11.7,1,,,Vis.,HKD,,,,TA010610,"""158X21,""",,,Z,,,,V1548 AQL,,STD,,,,BAAVSS
2452194.3208,13.7,0,,,Vis.,MUY,,13.1-13.7,,PF0501,,,,V,,,,V1548 AQL,,STD,,,,
2452195.2792,13.8,0,,,Vis.,DPV,,137,142,PF052501,=,,,V,,,,V1548 AQL,,STD,,,,
2452195.28,13.6,0,,,Vis.,VET,,,,,,,,V,,,,V1548 AQL,AFOEV,STD,,,,
2452195.5778,14.2,0,,,Vis.,MRV,,137,142,PF5/01,,,,V,,,,V1548 AQL,,STD,,,,
2452196.27,14.6,0,,,Vis.,VET,,,,,,,,V,,,,V1548 AQL,AFOEV,STD,,,,
2452196.2729,14.3,0,,,Vis.,RMQ,,145,,,,,,V,,,,V1548 AQL,,STD,,,,
2452197.2646,14.7,0,,,Vis.,DPV,,144,145,PF052501,=,,,V,,,,V1548 AQL,,STD,,,,
2452197.27,14.4,0,,,Vis.,VET,,,,,,,,V,,,,V1548 AQL,AFOEV,STD,,,,
2452198.03,14.6,1,,,Vis.,BNK,,NA,,NA,RASNZ ARCHIVAL,,,Z,,,,V1548 AQL,,STD,,,,RASNZ
2452198.3194,14.6,0,,,Vis.,DPV,,144,,PF052501,=,,,V,,,,V1548 AQL,,STD,,,,
2452198.3653,14.7,0,,,Vis.,JCN,,144-3,,5/23/01,,,,V,,,,V1548 AQL,,STD,,,,
2452198.376,14.3,0,,,Vis.,MGH,K,,,TA,,,,V,,,,V1548 AQL,,STD,,,,
2452199.26,14.6,0,,,Vis.,VET,,,,,,,,V,,,,V1548 AQL,AFOEV,STD,,,,
2452201.2326,14.5,1,,,Vis.,DPV,,145,,PF052501,      =,,,V,,,,V1548 AQL,,STD,,,,
2452201.2764,11.7,1,,,Vis.,HKD,,,,TA010610,"""158X21,""",,,Z,,,,V1548 AQL,,STD,,,,BAAVSS
2452201.2868,15.0,0,,,Vis.,JCN,,151+1,,5/23/01,,,,V,,,,V1548 AQL,,STD,,,,
2452201.29,14.4,0,,,Vis.,VET,,,,,,,,V,,,,V1548 AQL,AFOEV,STD,,,,
2452203.2569,14.0,0,,,Vis.,DPV,,137,142,PF052501,=,,,V,,,,V1548 AQL,,STD,,,,
2452205.28,13.0,0,,,Vis.,VET,,,,,,,,V,,,,V1548 AQL,AFOEV,STD,,,,
2452206.27,13.3,0,,,Vis.,VET,,,,,,,,V,,,,V1548 AQL,AFOEV,STD,,,,
2452208.36,13.1,0,,,Vis.,VET,,,,,,,,V,,,,V1548 AQL,AFOEV,STD,,,,
2452209.27,13.8,0,,,Vis.,VET,,,,,,,,V,,,,V1548 AQL,AFOEV,STD,,,,
2452213.26,13.8,1,,,Vis.,VET,,,,,,,,V,,,,V1548 AQL,AFOEV,STD,,,,
2452214.2750,14.5,1,,,Vis.,JCN,,[145,,5/23/01,,,,V,,,,V1548 AQL,,STD,,,,
2452215.25,14.0,0,,,Vis.,VET,,,,,,,,V,,,,V1548 AQL,AFOEV,STD,,,,
2452215.274,14.7,0,,,Vis.,PYG,,,,,,,,V,,,,V1548 AQL,,STD,,,,
2452216.25,13.8,0,,,Vis.,VET,,,,,,,,V,,,,V1548 AQL,AFOEV,STD,,,,
2452216.2917,11.0,1,,,Vis.,HKD,,,,TA010610,"""158X21,""",,,Z,,,,V1548 AQL,,STD,,,,BAAVSS
2452217.26,13.3,0,,,Vis.,VET,,,,,,,,V,,,,V1548 AQL,AFOEV,STD,,,,
2452218.2757,13.4,0,,,Vis.,MUY,,13.1-13.7,,PF0501,,,,V,,,,V1548 AQL,,STD,,,,
2452222.268,14.1,0,,,Vis.,PYG,,,,,,,,V,,,,V1548 AQL,,STD,,,,
2452223.231,14.1,0,,,Vis.,CMG,,,,,,,,V,,,,V1548 AQL,KNVWS,STD,,,,
2452223.275,14.2,0,,,Vis.,PYG,,,,,,,,V,,,,V1548 AQL,,STD,,,,
2452223.32,14.2,0,,,Vis.,VET,,,,,,,,V,,,,V1548 AQL,AFOEV,STD,,,,
2452224.2326,13.7,0,,,Vis.,RMQ,Y,134,145,,,,,V,,,,V1548 AQL,,STD,,,,
2452224.29,13.9,0,,,Vis.,VET,,,,,,,,V,,,,V1548 AQL,AFOEV,STD,,,,
2452225.26,13.3,0,,,Vis.,VET,,,,,,,,V,,,,V1548 AQL,AFOEV,STD,,,,
2452227.2194,13.9,0,,,Vis.,RMQ,,134,145,,,,,V,,,,V1548 AQL,,STD,,,,
2452227.261,14.0,0,,,Vis.,PYG,,,,,,,,V,,,,V1548 AQL,,STD,,,,
2452228.2444,13.9,0,,,Vis.,RMQ,,134,145,,,,,V,,,,V1548 AQL,,STD,,,,
2452228.2764,13.9,0,,,Vis.,JCN,,138,142,5/23/01,,,,V,,,,V1548 AQL,,STD,,,,
2452229.2146,13.6,0,,,Vis.,DPV,,,,,=,,,V,,,,V1548 AQL,,STD,,,,
2452229.2694,13.6,0,,,Vis.,JCN,,138+2,,5/23/01,,,,V,,,,V1548 AQL,,STD,,,,
2452231.2611,13.6,0,,,Vis.,DPV,,131,137,PF052501,=,,,V,,,,V1548 AQL,,STD,,,,
2452231.5764,13.5,0,,,Vis.,MRV,V,131,137,PF5/01,,,,V,,,,V1548 AQL,,STD,,,,
2452233.2229,13.6,0,,,Vis.,RMQ,Y,134,,,,,,V,,,,V1548 AQL,,STD,,,,
2452236.263,13.9,0,,,Vis.,PYG,,,,,,,,V,,,,V1548 AQL,,STD,,,,
2452236.5354,13.8,1,,,Vis.,MRV,,137,,PF5/01,123010051,,,V,,,,V1548 AQL,,STD,,,,
2452240.256,13.8,0,,,Vis.,PYG,,,,,,,,V,,,,V1548 AQL,,STD,,,,
2452240.2736,10.3,1,,,Vis.,HKD,B,,,TA010610,"""158X21,""",,,Z,,,,V1548 AQL,,STD,,,,BAAVSS
2452245.247,14.1,0,,,Vis.,PYG,,,,,,,,V,,,,V1548 AQL,,STD,,,,
2452245.2840,13.7,0,,,Vis.,JCN,,131-5,142+4,5/23/01,,,,V,,,,V1548 AQL,,STD,,,,
2452249.2792,13.8,1,,,Vis.,JCN,,[138,,5/23/01,,,,V,,,,V1548 AQL,,STD,,,,
2452250.24,14.7,0,,,Vis.,VET,,,,,,,,V,,,,V1548 AQL,AFOEV,STD,,,,
2452251.24,14.3,0,,,Vis.,VET,,,,,,,,V,,,,V1548 AQL,AFOEV,STD,,,,
2452254.2403,13.8,1,,,Vis.,JCN,,[138,,5/23/01,,,,V,,,,V1548 AQL,,STD,,,,
2452264.2139,14.7,0,,,Vis.,RMQ,,145,,,,,,V,,,,V1548 AQL,,STD,,,,
2452276.2299,13.7,1,,,Vis.,JCN,,[137,,5/23/01,,,,V,,,,V1548 AQL,,STD,,,,
2452300.9861,12.5,1,,,Vis.,MRV,,125,,PF2001,126021140,,,V,,,,V1548 AQL,,STD,,,,
2452308.9757,12.3,1,,,Vis.,MRV,,125,,PF5/01,203021125,,,V,,,,V1548 AQL,,STD,,,,
2452368.9181,13.2,1,,,Vis.,MRV,,131,,PF2001,404021002,,,V,,,,V1548 AQL,,STD,,,,
2452381.9069,14.5,1,,,Vis.,MRV,,145,,PF2001,417020946,,,V,,,,V1548 AQL,,STD,,,,
2452414.7917,15.5,1,,,Vis.,MRV,,154,,PF2001,520020700,,,V,,,,V1548 AQL,,STD,,,,
2452415.8465,15.6,1,,,Vis.,MRV,,154,,PF2001,521020819,,,V,,,,V1548 AQL,,STD,,,,
2452426.4938,15.1,1,,,Vis.,JCN,,[151,,5/23/01,,,,V,,,,V1548 AQL,,STD,,,,
2452427.4174,15.7,0,,,Vis.,RMQ,K,155,145,USNO-V,,,,V,,,,V1548 AQL,,STD,,,,
2452429.4201,15.5,1,,,Vis.,RMQ,K,15,5,USNO-V,,,,V,,,,V1548 AQL,,STD,,,,
2452429.4639,13.1,1,,,Vis.,HKD,,,,TA010610,"""R300,""",,,Z,,,,V1548 AQL,,STD,,,,BAAVSS
2452429.9263,15.0,1,,,V,WJD,,103,128,1902+11D,,,,V,,,,V1548 AQL,,STD,,,,
2452430.4771,15.3,0,,,Vis.,RMQ,K,155,145,USNO-V,,,,V,,,,V1548 AQL,,STD,,,,
2452431.4465,15.7,0,,,Vis.,RMQ,K,155,145,USNO-V,,,,V,,,,V1548 AQL,,STD,,,,
2452434.5035,15.4,1,,,Vis.,JCN,,[154,,5/23/01,,,,V,,,,V1548 AQL,,STD,,,,
2452440.4535,11.7,1,,,Vis.,HKD,,,,TA010610,"""R300,""",,,Z,,,,V1548 AQL,,STD,,,,BAAVSS
2452442.8424,13.3,1,,,Vis.,HK,,,,,,,,V,,,,V1548 AQL,,STD,,,,
2452443.4625,15.5,1,,,Vis.,RMQ,K,15,5,USNO-V,,,,V,,,,V1548 AQL,,STD,,,,
2452444.45,11.7,1,,,Vis.,HKD,U,,,TA010610,"""R300,""",,,Z,,,,V1548 AQL,,STD,,,,BAAVSS
2452454.4910,15.4,1,,,Vis.,JCN,,[154,,5/23/01,,,,V,,,,V1548 AQL,,STD,,,,
2452461.14,14.4,1,,,Vis.,BNK,,NA,,NA,RASNZ ARCHIVAL,,,Z,,,,V1548 AQL,,STD,,,,RASNZ
2452464.4285,15.5,1,,,Vis.,RMQ,,15,5,USNO-V,,,,V,,,,V1548 AQL,,STD,,,,
2452466.438,15.08,1,,,Vis.,DPV,,K,,UNKNOWN,,,,Z,,,,V1548 AQL,,STD,,,,
2452466.559,15.1,1,,,Vis.,PYG,,,,,,,,V,,,,V1548 AQL,,STD,,,,
2452467.526,15.4,1,,,Vis.,PYG,,,,,,,,V,,,,V1548 AQL,,STD,,,,
2452469.4597,15.4,1,,,Vis.,JCN,,[154,,5/23/01,,,,V,,,,V1548 AQL,,STD,,,,
2452469.554,15.4,1,,,Vis.,PYG,,,,,,,,V,,,,V1548 AQL,,STD,,,,
2452470.552,15.1,1,,,Vis.,PYG,,,,,,,,V,,,,V1548 AQL,,STD,,,,
2452475.4514,15.5,1,,,Vis.,JCN,,[155,,5/23/01,,,,V,,,,V1548 AQL,,STD,,,,
2452482.4424,15.4,1,,,Vis.,JCN,,[154,,5/23/01,,,,V,,,,V1548 AQL,,STD,,,,
2452482.530,15.1,1,,,Vis.,PYG,,,,,,,,V,,,,V1548 AQL,,STD,,,,
2452484.456,15.4,1,,,Vis.,PYG,,,,,,,,V,,,,V1548 AQL,,STD,,,,
2452488.43,14.5,1,,,Vis.,HUR,K,,,,,,,V,,,,V1548 AQL,,STD,,,,
2452488.4340,15.8,1,,,Vis.,JCN,,[158,,5/23/01,,,,V,,,,V1548 AQL,,STD,,,,
2452491.40,15.0,1,,,Vis.,VET,,,,,,,,V,,,,V1548 AQL,AFOEV,STD,,,,
2452499.39,14.2,1,,,Vis.,HUR,K,,,,,,,V,,,,V1548 AQL,,STD,,,,
2452499.4049,15.4,1,,,Vis.,JCN,,[154,,5/23/01,,,,V,,,,V1548 AQL,,STD,,,,
2452499.422,15.4,1,,,Vis.,PYG,,,,,,,,V,,,,V1548 AQL,,STD,,,,
2452500.37,15.0,1,,,Vis.,VET,,,,,,,,V,,,,V1548 AQL,AFOEV,STD,,,,
2452500.475,15.4,1,,,Vis.,PYG,,,,,,,,V,,,,V1548 AQL,,STD,,,,
2452501.3986,15.8,1,,,Vis.,JCN,,[158,,5/23/01,,,,V,,,,V1548 AQL,,STD,,,,
2452503.40,14.2,1,,,Vis.,HUR,KM,,,,,,,V,,,,V1548 AQL,,STD,,,,
2452504.399,15.1,1,,,Vis.,PYG,,,,,,,,V,,,,V1548 AQL,,STD,,,,
2452504.5980,15.5,1,,,V,WJD,,142,137,1902+11D,,,,V,,,,V1548 AQL,,STD,,,,
2452505.6076,15.1,0,,,R,WJD,K,1249,,K,,,,V,,,,V1548 AQL,,STD,,,,
2452507.486,15.1,1,,,Vis.,PYG,,,,,,,,V,,,,V1548 AQL,,STD,,,,
2452511.463,15.1,1,,,Vis.,PYG,,,,,,,,V,,,,V1548 AQL,,STD,,,,
2452514.36,14.2,1,,,Vis.,HUR,K,,,,,,,V,,,,V1548 AQL,,STD,,,,
2452514.3896,15.1,1,,,Vis.,JCN,,[151,,5/23/01,,,,V,,,,V1548 AQL,,STD,,,,
2452514.403,15.1,1,,,Vis.,PYG,,,,,,,,V,,,,V1548 AQL,,STD,,,,
2452515.474,15.3,1,,,Vis.,PYG,,,,,,,,V,,,,V1548 AQL,,STD,,,,
2452520.35,14.2,1,,,Vis.,HUR,K,,,,,,,V,,,,V1548 AQL,,STD,,,,
2452521.3743,15.1,1,,,Vis.,JCN,,[151,,5/23/01,,,,V,,,,V1548 AQL,,STD,,,,
2452525.3549,15.8,1,,,Vis.,JCN,,[158,,5/23/01,,,,V,,,,V1548 AQL,,STD,,,,
2452526.34,14.2,1,,,Vis.,HUR,K,,,,,,,V,,,,V1548 AQL,,STD,,,,
2452526.363,15.4,1,,,Vis.,PYG,,,,,,,,V,,,,V1548 AQL,,STD,,,,
2452528.34,15.4,1,,,Vis.,VET,,,,,,,,V,,,,V1548 AQL,AFOEV,STD,,,,
2452528.3549,15.1,1,,,Vis.,JCN,,[151,,5/23/01,,,,V,,,,V1548 AQL,,STD,,,,
2452528.371,15.4,1,,,Vis.,PYG,,,,,,,,V,,,,V1548 AQL,,STD,,,,
2452530.3424,15.4,1,,,Vis.,JCN,,[154,,5/23/01,,,,V,,,,V1548 AQL,,STD,,,,
2452531.3333,15.4,1,,,Vis.,JCN,,[154,,5/23/01,,,,V,,,,V1548 AQL,,STD,,,,
2452540.328,15.1,1,,,Vis.,PYG,,,,,,,,V,,,,V1548 AQL,,STD,,,,
2452541.344,15.4,1,,,Vis.,PYG,,,,,,,,V,,,,V1548 AQL,,STD,,,,
2452542.3236,15.8,1,,,Vis.,JCN,,[158,,5/23/01,,,,V,,,,V1548 AQL,,STD,,,,
2452544.3153,15.3,1,,,Vis.,JCN,,[153,,5/23/01,,,,V,,,,V1548 AQL,,STD,,,,
2452546.3063,15.4,1,,,Vis.,JCN,,[154,,5/23/01,,,,V,,,,V1548 AQL,,STD,,,,
2452547.331,15.1,1,,,Vis.,PYG,,,,,,,,V,,,,V1548 AQL,,STD,,,,
2452548.313,15.08,1,,,Vis.,DPV,,K,,UNKNOWN,,,,Z,,,,V1548 AQL,,STD,,,,
2452551.311,15.1,1,,,Vis.,PYG,,,,,,,,V,,,,V1548 AQL,,STD,,,,
2452552.308,15.1,1,,,Vis.,PYG,,,,,,,,V,,,,V1548 AQL,,STD,,,,
2452552.3104,15.4,1,,,Vis.,JCN,,[154,,5/23/01,,,,V,,,,V1548 AQL,,STD,,,,
2452560.326,15.1,1,,,Vis.,PYG,,,,,,,,V,,,,V1548 AQL,,STD,,,,
2452566.285,15.1,1,,,Vis.,PYG,,,,,,,,V,,,,V1548 AQL,,STD,,,,
2452571.2840,15.1,1,,,Vis.,JCN,,[151,,5/23/01,,,,V,,,,V1548 AQL,,STD,,,,
2452581.2910,15.5,1,,,Vis.,RMQ,,15,5,USNO-V,,,,V,,,,V1548 AQL,,STD,,,,
2452582.306,15.1,1,,,Vis.,PYG,,,,,,,,V,,,,V1548 AQL,,STD,,,,
2452582.5837,14.80,0,,,R,WJD,,1395,1309,K,,,,V,,,,V1548 AQL,,STD,,,,
2452585.283,15.1,1,,,Vis.,PYG,,,,,,,,V,,,,V1548 AQL,,STD,,,,
2452586.278,15.1,1,,,Vis.,PYG,,,,,,,,V,,,,V1548 AQL,,STD,,,,
2452586.3153,14.4,1,,,Vis.,JCN,,[144,,5/23/01,,,,V,,,,V1548 AQL,,STD,,,,
2452589.308,14.5,1,,,Vis.,PYG,,,,,,,,V,,,,V1548 AQL,,STD,,,,
2452602.261,15.1,1,,,Vis.,PYG,,,,,,,,V,,,,V1548 AQL,,STD,,,,
2452710.9743,15.3,1,,,R,WJD,G,153,,K,,,,V,,,,V1548 AQL,,STD,,,,
2452793.5375,14.8,1,,,Vis.,JCN,,[148,,5/23/01,,,,V,,,,V1548 AQL,,STD,,,,
2452796.4535,14.5,1,,,Vis.,JCN,,[145,,5/23/01,,,,V,,,,V1548 AQL,,STD,,,,
2452811.4889,15.4,1,,,Vis.,JCN,,[154,,5/23/01,,,,V,,,,V1548 AQL,,STD,,,,
2452835.4292,14.4,1,,,Vis.,JCN,,[144,,5/23/01,,,,V,,,,V1548 AQL,,STD,,,,
2452842.4465,15.8,1,,,Vis.,JCN,,[158,,5/23/01,,,,V,,,,V1548 AQL,,STD,,,,
2452853.4306,13.1,1,,,Vis.,HKD,,,,TA010610,R300,,,Z,,,,V1548 AQL,,STD,,,,BAAVSS
2452854.4382,15.8,1,,,Vis.,JCN,,[158,,5/23/01,,,,V,,,,V1548 AQL,,STD,,,,
2452858.4076,11.7,1,,,Vis.,HKD,U,,,TA010610,R300,,,Z,,,,V1548 AQL,,STD,,,,BAAVSS
2452858.4424,14.5,1,,,Vis.,JCN,,[145,,5/23/01,,,,V,,,,V1548 AQL,,STD,,,,
2452860.441,12.8,1,,,Vis.,HKD,,,,TA010610,R300,,,Z,,,,V1548 AQL,,STD,,,,BAAVSS
2452865.4382,13.1,1,,,Vis.,HKD,,,,TA010610,R300,,,Z,,,,V1548 AQL,,STD,,,,BAAVSS
2452866.41,13.1,1,,,Vis.,HUR,K,,,,,,,V,,,,V1548 AQL,,STD,,,,
2452866.425,13.1,1,,,Vis.,HKD,,,,TA010610,R300,,,Z,,,,V1548 AQL,,STD,,,,BAAVSS
2452868.3938,15.8,1,,,Vis.,JCN,,[158,,5/23/01,,,,V,,,,V1548 AQL,,STD,,,,
2452868.4486,14.1,1,,,Vis.,HKD,,,,TA010610,R300,,,Z,,,,V1548 AQL,,STD,,,,BAAVSS
2452870.409,14.1,1,,,Vis.,HKD,,,,TA010610,R300,,,Z,,,,V1548 AQL,,STD,,,,BAAVSS
2452871.4424,13.8,1,,,Vis.,HKD,,,,TA010610,R300,,,Z,,,,V1548 AQL,,STD,,,,BAAVSS
2452872.4201,14.5,1,,,Vis.,JCN,,[145,,5/23/01,,,,V,,,,V1548 AQL,,STD,,,,
2452874.38,14.5,1,,,Vis.,HUR,K,,,,,,,V,,,,V1548 AQL,,STD,,,,
2452874.3847,15.4,1,,,Vis.,JCN,,[154,,5/23/01,,,,V,,,,V1548 AQL,,STD,,,,
2452878.6681,13.7,1,,,Vis.,HK,,,,,,,,V,,,,V1548 AQL,,STD,,,,
2452881.3931,15.8,1,,,Vis.,JCN,,[158,,5/23/01,,,,V,,,,V1548 AQL,,STD,,,,
2452896.4306,12.8,1,,,Vis.,CPQ,B,,,TA,C305X381,,,Z,,,,V1548 AQL,,STD,,,,BAAVSS
2452897.3438,15.4,1,,,Vis.,JCN,,[154,,5/23/01,,,,V,,,,V1548 AQL,,STD,,,,
2452898.6667,13.1,1,,,Vis.,HK,,,,,,,,V,,,,V1548 AQL,,STD,,,,
2452924.3181,15.1,1,,,Vis.,JCN,,[151,,5/23/01,,,,V,,,,V1548 AQL,,STD,,,,
2452936.3174,15.4,1,,,Vis.,JCN,,[154,,5/23/01,,,,V,,,,V1548 AQL,,STD,,,,
2452956.3097,14.5,1,,,Vis.,JCN,,[145,,5/23/01,,,,V,,,,V1548 AQL,,STD,,,,
2452981.2181,14.4,1,,,Vis.,JCN,,[144,,5/23/01,,,,V,,,,V1548 AQL,,STD,,,,
2453144.54,12.5,1,,,Vis.,BIC,,,,,,,,Z,,,,V1548 AQL,AFOEV,STD,,,,
2453193.4722,15.4,1,,,Vis.,JCN,,[154,,5/23/01,,,,Z,,,,V1548 AQL,,STD,,,,
2453224.4278,15.4,1,,,Vis.,JCN,,[154,,5/23/01,,,,Z,,,,V1548 AQL,,STD,,,,
2453248.3938,15.1,1,,,Vis.,JCN,,[151,,5/23/01,,,,Z,,,,V1548 AQL,,STD,,,,
2453252.3889,15.4,1,,,Vis.,JCN,,[154,,5/23/01,,,,Z,,,,V1548 AQL,,STD,,,,
2453284.3181,15.4,0,,,Vis.,JCN,,[154,,5/23/01,,,,Z,,,,V1548 AQL,,STD,,,,
2453304.2903,14.5,1,,,Vis.,JCN,,[145,,5/23/01,,,,Z,,,,V1548 AQL,,STD,,,,
2453314.2819,15.8,1,,,Vis.,JCN,,[158,,5/23/01,,,,Z,,,,V1548 AQL,,STD,,,,
2453323.2583,15.8,1,,,Vis.,JCN,,[158,,5/23/01,,,,Z,,,,V1548 AQL,,STD,,,,
2453357.2194,14.4,1,,,Vis.,JCN,B,[144,,5/23/01,,,,Z,,,,V1548 AQL,,STD,,,,
2453368.2382,14.4,1,,,Vis.,JCN,,[144,,5/23/01,,,,Z,,,,V1548 AQL,,STD,,,,
2453373.2222,14.2,1,,,Vis.,JCN,B,[142,,5/23/01,,,,Z,,,,V1548 AQL,,STD,,,,
2453532.4958,15.8,1,,,Vis.,JCN,,[158,,5/23/01,,,,Z,,,,V1548 AQL,,STD,,,,
2453590.4361,15.8,1,,,Vis.,JCN,,[158,,5/23/01,,,,Z,,,,V1548 AQL,,STD,,,,
2453600.3792,14.2,1,,,Vis.,JCN,,[142,,5/23/01,,,,Z,,,,V1548 AQL,,STD,,,,
2453611.3764,15.8,1,,,Vis.,JCN,,[158,,5/23/01,,,,Z,,,,V1548 AQL,,STD,,,,
2453616.3778,15.8,1,,,Vis.,JCN,,,,,,,,Z,,,,V1548 AQL,,STD,,,,
2453637.3271,15.8,1,,,Vis.,JCN,,,,,,,,Z,,,,V1548 AQL,,STD,,,,
2453669.2944,15.4,1,,,Vis.,JCN,,[154,,5/23/01,,,,Z,,,,V1548 AQL,,STD,,,,
2453679.2597,15.1,1,,,Vis.,JCN,,[151,,5/23/01,,,,Z,,,,V1548 AQL,,STD,,,,
2453691.2514,14.4,1,,,Vis.,JCN,,[144,,5/23/01,,,,Z,,,,V1548 AQL,,STD,,,,
2453970.3924,14.5,1,,,Vis.,FMR,,14,5,P F 01,,,,Z,,,,V1548 AQL,,STD,,,,
2453977.3917,15.8,1,,,Vis.,JCN,,[158,,5/23/01,,,,Z,,,,V1548 AQL,,STD,,,,
2454306.4215,15.4,1,,,Vis.,JCN,,[154,,5/23/01,,,,Z,,,,V1548 AQL,,STD,,,,
2454329.4000,15.8,1,,,Vis.,JCN,,[158,,23MAR01,,,,Z,,,,V1548 AQL,,STD,,,,
2454348.3688,15.4,1,,,Vis.,JCN,,[154,,23MAR01,,,,Z,,,,V1548 AQL,,STD,,,,
2454355.3708,15.4,1,,,Vis.,JCN,,[154,,23MAR01,,,,Z,,,,V1548 AQL,,STD,,,,
2454379.3708,15.8,1,,,Vis.,JCN,,[158,,23MAR01,,0,,Z,,,,V1548 AQL,,STD,,,,
2454700.4174,15.8,1,,,Vis.,JCN,0,<158,,23MAR01,0,,,Z,,,,V1548 AQL,,STD,,,,
2454762.2771,15.8,1,,,Vis.,JCN,0,<158,,23MAR01,0,,,Z,,,,V1548 AQL,,STD,,,,
2455061.3861,15.8,1,,,Vis.,JCN,0,<158,,23MAR01,0,,,Z,,,,V1548 AQL,,STD,,,,
